SCRIPT,LOCATOR_METHOD,VARIABLE,DESCRIPTION,UNIT,VALUES,TYPE,COLOR
data-helper,get_building_hvac,type_ctrl,Type of heating and cooling control systems (relates to values in Default Database HVAC Properties),[code],{T1...Tn},string,black
data-helper,get_building_hvac,type_vent,Type of ventilation strategy (relates to values in Default Database HVAC Properties),[code],{T1...Tn},string,black
data-helper,get_building_restrictions,BIOGAS,"Biogas gas restricted in the area. 0 = no, 1, yes",[-],"{0, 1}",int,black
data-helper,get_building_restrictions,GEOTHERMAL,Share of foot-print area protected for geothermal exploration,[-],{0.0...1},float,black
data-helper,get_building_restrictions,NATURALGAS,"Natural gas restricted in the area. 0 = no, 1, yes",[-],"{0, 1}",int,black
data-helper,get_building_restrictions,SOLAR,Share of solar rooftop area protected,[-],{0.0...1},float,black
data-helper,get_building_restrictions,WATERBODY,"Use of water bodies is restricted in the area. 0 = no, 1, yes",[-],"{0, 1}",int,black
data-helper,get_building_supply,Name,Unique building ID. It must start with a letter.,[-],alphanumeric,string,black
data-helper,get_building_supply,type_cs,Type of cooling supply system,[code],{T0...Tn},string,black
data-helper,get_building_supply,type_dhw,Type of hot water supply system,[code],{T0...Tn},string,black
data-helper,get_building_supply,type_el,Type of electrical supply system,[code],{T0...Tn},string,black
data-helper,get_building_supply,type_hs,Type of heating supply system,[code],{T0...Tn},string,black
demand,get_demand_results_file,COAL_hs_kWh,Coal consumption due to space heating,kWh,{0.0...n},float,black
demand,get_demand_results_file,COAL_ww_kWh,Coal consumption due to hotwater,kWh,{0.0...n},float,grey
demand,get_demand_results_file,DATE,Time stamp for each day of the year ascending in hour intervals.,[smalldatetime],YYYY-MM-DD hh:mm:ss,date,black
demand,get_demand_results_file,DC_cdata_kWh,District cooling for data center cooling demand,kWh,{0.0...n},float,blue_light
demand,get_demand_results_file,DC_cre_kWh,District cooling for refrigeration demand,kWh,{0.0...n},float,blue_lighter
demand,get_demand_results_file,DC_cs_kWh,District cooling for space cooling demand,kWh,{0.0...n},float,blue
demand,get_demand_results_file,DH_hs_kWh,District heating for space heating demand,kWh,{0.0...n},float,orange
demand,get_demand_results_file,DH_ww_kWh,District heating for hotwater demand,kWh,{0.0...n},float,orange_light
demand,get_demand_results_file,E_cdata_kWh,Data centre cooling specific electricity consumption.,[kWh],{0.0...n},float,black
demand,get_demand_results_file,E_cre_kWh,Refrigeration system electricity consumption.,[kWh],{0.0...n},float,black
demand,get_demand_results_file,E_cs_kWh,Cooling system electricity consumption.,[kWh],{0.0...n},float,black
demand,get_demand_results_file,E_hs_kWh,Heating system electricity consumption.,[kWh],{0.0...n},float,black
demand,get_demand_results_file,E_sys_kWh,End-use electricity demand,kWh,{0...n},float,green
demand,get_demand_results_file,E_ww_kWh,DHW electricity consumption.,[kWh],{0.0...n},float,black
demand,get_demand_results_file,Eal_kWh,Electricity consumption of appliances and lights,[kWh],{0.0...n},float,black
demand,get_demand_results_file,Eaux_kWh,Auxiliary electricity consumption.,[kWh],{0.0...n},float,black
demand,get_demand_results_file,Edata_kWh,Data centre electricity consumption.,[kWh],{0.0...n},float,black
demand,get_demand_results_file,Epro_kWh,Electricity consumption for industrial processes.,[kWh],{0.0...n},float,black
demand,get_demand_results_file,GRID_kWh,Grid electricity consumption,kWh,{0.0...n},float,green
demand,get_demand_results_file,I_rad_kWh,Radiative heat loss,kWh,{0.0...n},float,yellow_light
demand,get_demand_results_file,I_sol_and_I_rad_kWh,Net radiative heat gain,[kWh],{0.0...n},float,black
demand,get_demand_results_file,I_sol_kWh,Solar heat gain,kWh,{0.0...n},float,yellow
demand,get_demand_results_file,NG_hs_kWh,NG consumption due to space heating,kWh,{0.0...n},float,red
demand,get_demand_results_file,NG_ww_kWh,NG consumption due to hotwater,kWh,{0.0...n},float,red_light
demand,get_demand_results_file,OIL_hs_kWh,OIL consumption due to space heating,kWh,{0.0...n},float,orange
demand,get_demand_results_file,OIL_ww_kWh,OIL consumption due to hotwater,kWh,{0.0...n},float,orange_light
demand,get_demand_results_file,PV_kWh,PV electricity consumption,kWh,{0.0...n},float,yellow
demand,get_demand_results_file,QC_sys_kWh,Total cool consumption,[kWh],{0.0...n},float,black
demand,get_demand_results_file,QH_sys_kWh,Total heat consumption,[kWh],{0.0...n},float,black
demand,get_demand_results_file,Q_gain_lat_peop_kWh,Latent heat gain from people,kWh,{0.0...n},float,purple_light
demand,get_demand_results_file,Q_gain_sen_app_kWh,Sensible heat gain from appliances,kWh,{0.0...n},float,orange_light
demand,get_demand_results_file,Q_gain_sen_base_kWh,Sensible heat gain from transmission through the base,kWh,{0.0...n},float,brown_light
demand,get_demand_results_file,Q_gain_sen_data_kWh,Sensible heat gain from data centres,kWh,{0.0...n},float,black
demand,get_demand_results_file,Q_gain_sen_light_kWh,Sensible heat gain from lighting,kWh,{0.0...n},float,orange_lighter
demand,get_demand_results_file,Q_gain_sen_peop_kWh,Sensible heat gain from people,kWh,{0.0...n},float,orange
demand,get_demand_results_file,Q_gain_sen_pro_kWh,Sensible heat gain from industrial processes.,[kWh],{0.0...n},float,black
demand,get_demand_results_file,Q_gain_sen_roof_kWh,Sensible heat gain from transmission through the roof,kWh,{0.0...n},float,brown_lighter
demand,get_demand_results_file,Q_gain_sen_vent_kWh,Sensible heat gain from ventilation and infiltration,kWh,{0.0...n},float,green
demand,get_demand_results_file,Q_gain_sen_wall_kWh,Sensible heat gain from transmission through the walls,kWh,{0.0...n},float,brown
demand,get_demand_results_file,Q_gain_sen_wind_kWh,Sensible heat gain from transmission through the windows,kWh,{0.0...n},float,grey_light
demand,get_demand_results_file,Q_loss_sen_ref_kWh,Sensible heat loss from refrigeration systems,kWh,{0.0...n},float,grey
demand,get_demand_results_file,Qcdata_kWh,Data centre space cooling demand,[kWh],{0.0...n},float,black
demand,get_demand_results_file,Qcdata_sys_kWh,End-use data center cooling demand,kWh,{0.0...n},float,blue_light
demand,get_demand_results_file,Qcre_kWh,Refrigeration space cooling demand,[kWh],{0.0...n},float,black
demand,get_demand_results_file,Qcre_sys_kWh,End-use refrigeration demand,kWh,{0.0...n},float,blue_lighter
demand,get_demand_results_file,Qcs_dis_ls_kWh,Cooling system distribution losses,[kWh],{0.0...n},float,black
demand,get_demand_results_file,Qcs_em_ls_kWh,Cooling system emission losses,[kWh],{0.0...n},float,black
demand,get_demand_results_file,Qcs_kWh,Specific cool demand,[kWh],{0.0...n},float,black
demand,get_demand_results_file,Qcs_lat_ahu_kWh,AHU latent cool demand,[kWh],{0.0...n},float,black
demand,get_demand_results_file,Qcs_lat_aru_kWh,ARU latent cool demand,[kWh],{0.0...n},float,black
demand,get_demand_results_file,Qcs_lat_sys_kWh,Total latent cool demand for all systems,[kWh],{0.0...n},float,black
demand,get_demand_results_file,Qcs_sen_ahu_kWh,AHU sensible cool demand,[kWh],{0.0...n},float,black
demand,get_demand_results_file,Qcs_sen_aru_kWh,ARU sensible cool demand,[kWh],{0.0...n},float,black
demand,get_demand_results_file,Qcs_sen_scu_kWh,SHU sensible cool demand,[kWh],{0.0...n},float,black
demand,get_demand_results_file,Qcs_sen_sys_kWh,Total sensible cool demand for all systems,[kWh],{0.0...n},float,black
demand,get_demand_results_file,Qcs_sys_ahu_kWh,AHU system cool demand,[kWh],{0.0...n},float,black
demand,get_demand_results_file,Qcs_sys_aru_kWh,ARU system cool demand,[kWh],{0.0...n},float,black
demand,get_demand_results_file,Qcs_sys_kWh,End-use space cooling demand,kWh,{0.0...n},float,blue
demand,get_demand_results_file,Qcs_sys_scu_kWh,SCU system cool demand,[kWh],{0.0...n},float,black
demand,get_demand_results_file,Qhpro_sys_kWh,Industrial process heat demand,[kWh],{0.0...n},float,black
demand,get_demand_results_file,Qhs_dis_ls_kWh,Heating system distribution losses,[kWh],{0.0...n},float,black
demand,get_demand_results_file,Qhs_em_ls_kWh,Heating system emission losses,[kWh],{0.0...n},float,black
demand,get_demand_results_file,Qhs_kWh,Sensible heating system demand,[kWh],{0.0...n},float,black
demand,get_demand_results_file,Qhs_lat_ahu_kWh,AHU latent heat demand,[kWh],{0.0...n},float,black
demand,get_demand_results_file,Qhs_lat_aru_kWh,ARU latent heat demand,[kWh],{0.0...n},float,black
demand,get_demand_results_file,Qhs_lat_sys_kWh,Total latent heat demand for all systems,[kWh],{0.0...n},float,black
demand,get_demand_results_file,Qhs_sen_ahu_kWh,AHU sensible heat demand,[kWh],{0.0...n},float,black
demand,get_demand_results_file,Qhs_sen_aru_kWh,ARU sensible heat demand,[kWh],{0.0...n},float,black
demand,get_demand_results_file,Qhs_sen_shu_kWh,SHU sensible heat demand,[kWh],{0.0...n},float,black
demand,get_demand_results_file,Qhs_sen_sys_kWh,Total sensible heat demand for all systems,[kWh],{0.0...n},float,black
demand,get_demand_results_file,Qhs_sys_ahu_kWh,AHU system heat demand,[kWh],{0.0...n},float,black
demand,get_demand_results_file,Qhs_sys_aru_kWh,ARU system heat demand,[kWh],{0.0...n},float,black
demand,get_demand_results_file,Qhs_sys_kWh,End-use space heating demand,kWh,{0.0...n},float,red
demand,get_demand_results_file,Qhs_sys_shu_kWh,SHU system heat demand,[kWh],{0.0...n},float,black
demand,get_demand_results_file,Qww_kWh,DHW specific heat demand,[kWh],{0.0...n},float,black
demand,get_demand_results_file,Qww_sys_kWh,End-use hotwater demand,kWh,{0.0...n},float,orange
demand,get_demand_results_file,SOLAR_hs_kWh,Solar energy consumption due to space heating,kWh,{0.0...n},float,yellow
demand,get_demand_results_file,SOLAR_ww_kWh,Solar energy consumption due to hotwater,kWh,{0.0...n},float,yellow_light
demand,get_demand_results_file,T_ext_C,Outdoor temperature,C,{0.0...n},float,grey
demand,get_demand_results_file,T_int_C,Indoor temperature,C,{0.0...n},float,grey
demand,get_demand_results_file,Tcdata_sys_re_C,Cooling supply temperature of the data centre,[C],{0.0...n},float,black
demand,get_demand_results_file,Tcdata_sys_sup_C,Cooling return temperature of the data centre,[C],{0.0...n},float,black
demand,get_demand_results_file,Tcre_sys_re_C,Cooling return temperature of the refrigeration system.,[C],{0.0...n},float,black
demand,get_demand_results_file,Tcre_sys_sup_C,Cooling supply temperature of the refrigeration system.,[C],{0.0...n},float,black
demand,get_demand_results_file,Tcs_sys_re_C,System cooling return temperature.,[C],{0.0...n},float,black
demand,get_demand_results_file,Tcs_sys_re_ahu_C,Return temperature cooling system,C,{0.0...n},float,blue_light
demand,get_demand_results_file,Tcs_sys_re_aru_C,Return temperature cooling system,C,{0.0...n},float,blue_light
demand,get_demand_results_file,Tcs_sys_re_scu_C,Return temperature cooling system,C,{0.0...n},float,blue_light
demand,get_demand_results_file,Tcs_sys_sup_C,System cooling supply temperature.,[C],{0.0...n},float,black
demand,get_demand_results_file,Tcs_sys_sup_ahu_C,Supply temperature cooling system,C,{0.0...n},float,blue
demand,get_demand_results_file,Tcs_sys_sup_aru_C,Supply temperature cooling system,C,{0.0...n},float,blue
demand,get_demand_results_file,Tcs_sys_sup_scu_C,Supply temperature cooling system,C,{0.0...n},float,blue
demand,get_demand_results_file,Ths_sys_re_C,Heating system return temperature.,[C],{0.0...n},float,black
demand,get_demand_results_file,Ths_sys_re_ahu_C,Return temperature heating system,C,{0.0...n},float,yellow
demand,get_demand_results_file,Ths_sys_re_aru_C,Return temperature heating system,C,{0.0...n},float,yellow
demand,get_demand_results_file,Ths_sys_re_shu_C,Return temperature heating system,C,{0.0...n},float,yellow
demand,get_demand_results_file,Ths_sys_sup_C,Heating system supply temperature.,[C],{0.0...n},float,black
demand,get_demand_results_file,Ths_sys_sup_ahu_C,Supply temperature heating system,C,{0.0...n},float,red
demand,get_demand_results_file,Ths_sys_sup_aru_C,Supply temperature heating system,C,{0.0...n},float,red
demand,get_demand_results_file,Ths_sys_sup_shu_C,Supply temperature heating system,C,{0.0...n},float,red
demand,get_demand_results_file,Tww_sys_re_C,Return temperature hotwater system,C,{0.0...n},float,orange_light
demand,get_demand_results_file,Tww_sys_sup_C,Supply temperature hotwater system,C,{0.0...n},float,orange
demand,get_demand_results_file,WOOD_hs_kWh,WOOD consumption due to space heating,kWh,{0.0...n},float,brown
demand,get_demand_results_file,WOOD_ww_kWh,WOOD consumption due to hotwater,kWh,{0.0...n},float,brown_light
demand,get_demand_results_file,mcpcdata_sys_kWperC,Capacity flow rate (mass flow* specific heat capacity) of the chilled water delivered to data centre.,[kW/Cap],{0.0...n},float,black
demand,get_demand_results_file,mcpcre_sys_kWperC,Capacity flow rate (mass flow* specific heat Capacity) of the chilled water delivered to refrigeration.,[kW/Cap],{0.0...n},float,black
demand,get_demand_results_file,mcpcs_sys_ahu_kWperC,Capacity flow rate (mass flow* specific heat Capacity) of the chilled water delivered to air handling units (space cooling).,[kW/Cap],{0.0...n},float,black
demand,get_demand_results_file,mcpcs_sys_aru_kWperC,Capacity flow rate (mass flow* specific heat Capacity) of the chilled water delivered to air recirculation units (space cooling).,[kW/Cap],{0.0...n},float,black
demand,get_demand_results_file,mcpcs_sys_kWperC,Capacity flow rate (mass flow* specific heat Capacity) of the chilled water delivered to space cooling.,[kW/Cap],{0.0...n},float,black
demand,get_demand_results_file,mcpcs_sys_scu_kWperC,Capacity flow rate (mass flow* specific heat Capacity) of the chilled water delivered to sensible cooling units (space cooling).,[kW/Cap],{0.0...n},float,black
demand,get_demand_results_file,mcphs_sys_ahu_kWperC,Capacity flow rate (mass flow* specific heat Capacity) of the warm water delivered to air handling units (space heating).,[kW/Cap],{0.0...n},float,black
demand,get_demand_results_file,mcphs_sys_aru_kWperC,Capacity flow rate (mass flow* specific heat Capacity) of the warm water delivered to air recirculation units (space heating).,[kW/Cap],{0.0...n},float,black
demand,get_demand_results_file,mcphs_sys_kWperC,Capacity flow rate (mass flow* specific heat Capacity) of the warm water delivered to space heating.,[kW/Cap],{0.0...n},float,black
demand,get_demand_results_file,mcphs_sys_shu_kWperC,Capacity flow rate (mass flow* specific heat Capacity) of the warm water delivered to sensible heating units (space heating).,[kW/Cap],{0.0...n},float,black
demand,get_demand_results_file,mcptw_kWperC,Capacity flow rate (mass flow* specific heat capaicty) of the fresh water,[kW/Cap],{0.0...n},float,black
demand,get_demand_results_file,mcpww_sys_kWperC,Capacity flow rate (mass flow* specific heat capaicty) of domestic hot water,[kW/Cap],{0.0...n},float,black
demand,get_demand_results_file,people,"Predicted occupancy, number of people in building",[people],{0...n},int,black
demand,get_demand_results_file,theta_o_C,"Operative temperature in building (RC-model), used for comfort plotting",[C],{0.0...n},float,black
demand,get_demand_results_file,x_int,Internal mass fraction of humidity (water/dry air),[kg/kg],{0.0...n},float,black
demand,get_total_demand,Af_m2,Conditioned floor area (heated/cooled),[m2],{0.0...n},float,black
demand,get_total_demand,Aroof_m2,Roof area,[m2],{0.0...n},float,black
demand,get_total_demand,COAL_hs0_kW,Nominal Coal consumption due to space heating,kW,{0.0...n},float,black
demand,get_total_demand,COAL_hs_MWhyr,Coal consumption due to space heating,MWh/yr,{0.0...n},float,black
demand,get_total_demand,COAL_ww0_kW,Nominal Coal consumption due to hotwater,kW,{0.0...n},float,grey
demand,get_total_demand,COAL_ww_MWhyr,Coal consumption due to hotwater,MWh/yr,{0.0...n},float,grey
demand,get_total_demand,DC_cdata0_kW,Nominal district cooling for final data center cooling demand,kW,{0.0...n},float,blue_light
demand,get_total_demand,DC_cdata_MWhyr,District cooling for data center cooling demand,MWh/yr,{0.0...n},float,blue_light
demand,get_total_demand,DC_cre0_kW,Nominal district cooling for refrigeration demand,kW,{0.0...n},float,blue_lighter
demand,get_total_demand,DC_cre_MWhyr,District cooling for refrigeration demand,MWh/yr,{0.0...n},float,blue_lighter
demand,get_total_demand,DC_cs0_kW,Nominal district cooling for space cooling demand,kW,{0.0...n},float,blue
demand,get_total_demand,DC_cs_MWhyr,District cooling for space cooling demand,MWh/yr,{0.0...n},float,blue
demand,get_total_demand,DH_hs0_kW,Nominal district heating for space heating demand,kW,{0.0...n},float,orange
demand,get_total_demand,DH_hs_MWhyr,District heating for space heating demand,MWh/yr,{0.0...n},float,orange
demand,get_total_demand,DH_ww0_kW,Nominal district heating for hotwater demand,kW,{0.0...n},float,orange_light
demand,get_total_demand,DH_ww_MWhyr,District heating for hotwater demand,MWh/yr,{0.0...n},float,orange_light
demand,get_total_demand,E_cdata0_kW,Nominal Data centre cooling specific electricity consumption.,[kW/year],{0.0...n},float,black
demand,get_total_demand,E_cdata_MWhyr,Electricity consumption due to data center cooling,MWh/yr,{0.0...n},float,yellow_light
demand,get_total_demand,E_cre0_kW,Nominal Refrigeration system electricity consumption.,[kW/year],{0.0...n},float,black
demand,get_total_demand,E_cre_MWhyr,Electricity consumption due to refrigeration,MWh/yr,{0.0...n},float,yellow_lighter
demand,get_total_demand,E_cs0_kW,Nominal Cooling system electricity consumption.,[kW/year],{0.0...n},float,black
demand,get_total_demand,E_cs_MWhyr,Electricity consumption due to space cooling,MWh/yr,{0.0...n},float,blue_light
demand,get_total_demand,E_hs0_kW,Nominal Heating system electricity consumption.,[kW/year],{0.0...n},float,black
demand,get_total_demand,E_hs_MWhyr,Electricity consumption due to space heating,MWh/yr,{0.0...n},float,green_light
demand,get_total_demand,E_sys0_kW,Nominal end-use electricity demand,kW,{0.0...n},float,green
demand,get_total_demand,E_sys_MWhyr,End-use electricity demand,MWh/yr,{0.0...n},float,green
demand,get_total_demand,E_ww0_kW,Nominal Domestic hot water electricity consumption.,[kW/year],{0.0...n},float,black
demand,get_total_demand,E_ww_MWhyr,Electricity consumption due to hot water,MWh/yr,{0.0...n},float,green_lighter
demand,get_total_demand,Eal0_kW,Nominal Total net electricity for all sources and sinks.,[kW/year],{0.0...n},float,black
demand,get_total_demand,Eal_MWhyr,Electricity consumption due to appliances and lighting,MWh/yr,{0.0...n},float,green
demand,get_total_demand,Eaux0_kW,Nominal Auxiliary electricity consumption.,[kW/year],{0.0...n},float,black
demand,get_total_demand,Eaux_MWhyr,Electricity consumption due to auxiliary equipment,MWh/yr,{0.0...n},float,yellow
demand,get_total_demand,Edata0_kW,Nominal Data centre electricity consumption.,[kW/year],{0.0...n},float,black
demand,get_total_demand,Edata_MWhyr,Electricity consumption for data center,MWh/yr,{0.0...n},float,blue_lighter
demand,get_total_demand,Epro0_kW,Nominal Industrial processes electricity consumption.,[kW/year],{0.0...n},float,black
demand,get_total_demand,Epro_MWhyr,Electricity supplied to industrial processes,MWh/yr,{0.0...n},float,brown_lighter
demand,get_total_demand,GRID0_kW,Nominal Grid electricity consumption,kW,{0.0...n},float,green
demand,get_total_demand,GRID_MWhyr,Grid electricity consumption,MWh/yr,{0.0...n},float,green
demand,get_total_demand,NFA_m2,TODO,TODO,TODO,TODO,black
demand,get_total_demand,NG_hs0_kW,Nominal NG consumption due to space heating,kW,{0.0...n},float,red
demand,get_total_demand,NG_hs_MWhyr,NG consumption due to space heating,MWh/yr,{0.0...n},float,red
demand,get_total_demand,NG_ww0_kW,Nominal NG consumption due to hotwater,kW,{0.0...n},float,red_light
demand,get_total_demand,NG_ww_MWhyr,NG consumption due to hotwater,MWh/yr,{0.0...n},float,red_light
demand,get_total_demand,OIL_hs0_kW,Nominal OIL consumption due to space heating,kW,{0.0...n},float,orange
demand,get_total_demand,OIL_hs_MWhyr,OIL consumption due to space heating,MWh/yr,{0.0...n},float,orange
demand,get_total_demand,OIL_ww0_kW,Nominal OIL consumption due to hotwater,kW,{0.0...n},float,orange_light
demand,get_total_demand,OIL_ww_MWhyr,OIL consumption due to hotwater,MWh/yr,{0.0...n},float,orange_light
demand,get_total_demand,PV0_kW,Nominal PV electricity consumption,kW,{0.0...n},float,yellow
demand,get_total_demand,PV_MWhyr,PV electricity consumption,MWh/yr,{0.0...n},float,yellow
demand,get_total_demand,QC_sys0_kW,Nominal Total system cooling demand.,[kW/year],{0.0...n},float,black
demand,get_total_demand,QC_sys_MWhyr,Total system cooling demand,[MWh/year],{0.0...n},float,black
demand,get_total_demand,QH_sys0_kW,Nominal total building heating demand.,[kW/year],{0.0...n},float,black
demand,get_total_demand,QH_sys_MWhyr,Total building heating demand,[MWh/year],{0.0...n},float,black
demand,get_total_demand,Qcdata0_kW,Nominal Data centre cooling demand.,[kW/year],{0.0...n},float,black
demand,get_total_demand,Qcdata_MWhyr,Data centre cooling demand,[MWh/year],{0.0...n},float,black
demand,get_total_demand,Qcdata_sys0_kW,Nominal end-use data center cooling demand,kW,{0.0...n},float,blue_light
demand,get_total_demand,Qcdata_sys_MWhyr,End-use data center cooling demand,MWh/yr,{0.0...n},float,blue_light
demand,get_total_demand,Qcre0_kW,Nominal Refrigeration cooling demand.,[kW/year],{0.0...n},float,black
demand,get_total_demand,Qcre_MWhyr,Refrigeration cooling demand for the system,[MWh/year],{0.0...n},float,black
demand,get_total_demand,Qcre_sys0_kW, Nominal refrigeration cooling demand,kW,{0.0...n},float,blue_lighter
demand,get_total_demand,Qcre_sys_MWhyr,End-use refrigeration demand,MWh/yr,{0.0...n},float,blue_lighter
demand,get_total_demand,Qcs0_kW,Nominal Total cooling demand.,[kW/year],{0.0...n},float,black
demand,get_total_demand,Qcs_MWhyr,Total cool demand,[MWh/year],{0.0...n},float,black
demand,get_total_demand,Qcs_dis_ls0_kW,Nominal Cool distribution losses.,[kW/year],{0.0...n},float,black
demand,get_total_demand,Qcs_dis_ls_MWhyr,Cool distribution losses,[MWh/year],{0.0...n},float,black
demand,get_total_demand,Qcs_em_ls0_kW,Nominal Cool emission losses.,[kW/year],{0.0...n},float,black
demand,get_total_demand,Qcs_em_ls_MWhyr,Cool emission losses,[MWh/year],{0.0...n},float,black
demand,get_total_demand,Qcs_lat_ahu0_kW,Nominal AHU latent cool demand.,[kW/year],{0.0...n},float,black
demand,get_total_demand,Qcs_lat_ahu_MWhyr,AHU latent cool demand,[MWh/year],{0.0...n},float,black
demand,get_total_demand,Qcs_lat_aru0_kW,Nominal ARU latent cool demand.,[kW/year],{0.0...n},float,black
demand,get_total_demand,Qcs_lat_aru_MWhyr,ARU latent cool demand,[MWh/year],{0.0...n},float,black
demand,get_total_demand,Qcs_lat_sys0_kW,Nominal System latent cool demand.,[kW/year],{0.0...n},float,black
demand,get_total_demand,Qcs_lat_sys_MWhyr,System latent cool demand,[MWh/year],{0.0...n},float,black
demand,get_total_demand,Qcs_sen_ahu0_kW,Nominal AHU system cool demand.,[kW/year],{0.0...n},float,black
demand,get_total_demand,Qcs_sen_ahu_MWhyr,AHU system cool demand,[MWh/year],{0.0...n},float,black
demand,get_total_demand,Qcs_sen_aru0_kW,Nominal ARU system cool demand.,[kW/year],{0.0...n},float,black
demand,get_total_demand,Qcs_sen_aru_MWhyr,ARU system cool demand,[MWh/year],{0.0...n},float,black
demand,get_total_demand,Qcs_sen_scu0_kW,Nominal SCU system cool demand.,[kW/year],{0.0...n},float,black
demand,get_total_demand,Qcs_sen_scu_MWhyr,SCU system cool demand,[MWh/year],{0.0...n},float,black
demand,get_total_demand,Qcs_sen_sys0_kW,Nominal Sensible system cool demand.,[kW/year],{0.0...n},float,black
demand,get_total_demand,Qcs_sen_sys_MWhyr,Sensible system cool demand,[MWh/year],{0.0...n},float,black
demand,get_total_demand,Qcs_sys0_kW,Nominal end-use space cooling demand,kW,{0.0...n},float,blue
demand,get_total_demand,Qcs_sys_MWhyr,End-use space cooling demand,MWh/yr,{0.0...n},float,blue
demand,get_total_demand,Qcs_sys_ahu0_kW,Nominal AHU system cool demand.,[kW/year],{0.0...n},float,black
demand,get_total_demand,Qcs_sys_ahu_MWhyr,AHU system cool demand,[MWh/year],{0.0...n},float,black
demand,get_total_demand,Qcs_sys_aru0_kW,Nominal ARU system cool demand.,[kW/year],{0.0...n},float,black
demand,get_total_demand,Qcs_sys_aru_MWhyr,ARU system cool demand,[MWh/year],{0.0...n},float,black
demand,get_total_demand,Qcs_sys_scu0_kW,Nominal SCU system cool demand.,[kW/year],{0.0...n},float,black
demand,get_total_demand,Qcs_sys_scu_MWhyr,SCU system cool demand,[MWh/year],{0.0...n},float,black
demand,get_total_demand,Qhpro_sys0_kW,Nominal process heat demand.,[kW/year],{0.0...n},float,black
demand,get_total_demand,Qhpro_sys_MWhyr,Yearly industrial processes heat demand.,[MWh/year],{0.0...n},float,black
demand,get_total_demand,Qhs0_kW,Nominal Total heating demand.,[kW/year],{0.0...n},float,black
demand,get_total_demand,Qhs_MWhyr,Total heating demand,[MWh/year],{0.0...n},float,black
demand,get_total_demand,Qhs_dis_ls0_kW,Nominal Heating system distribution losses.,[kW/year],{0.0...n},float,black
demand,get_total_demand,Qhs_dis_ls_MWhyr,Heating system distribution losses,[MWh/year],{0.0...n},float,black
demand,get_total_demand,Qhs_em_ls0_kW,Nominal Heating emission losses.,[kW/year],{0.0...n},float,black
demand,get_total_demand,Qhs_em_ls_MWhyr,Heating system emission losses,[MWh/year],{0.0...n},float,black
demand,get_total_demand,Qhs_lat_ahu0_kW,Nominal AHU latent heat demand.,[kW/year],{0.0...n},float,black
demand,get_total_demand,Qhs_lat_ahu_MWhyr,AHU latent heat demand,[MWh/year],{0.0...n},float,black
demand,get_total_demand,Qhs_lat_aru0_kW,Nominal ARU latent heat demand.,[kW/year],{0.0...n},float,black
demand,get_total_demand,Qhs_lat_aru_MWhyr,ARU latent heat demand,[MWh/year],{0.0...n},float,black
demand,get_total_demand,Qhs_lat_sys0_kW,Nominal System latent heat demand.,[kW/year],{0.0...n},float,black
demand,get_total_demand,Qhs_lat_sys_MWhyr,System latent heat demand,[MWh/year],{0.0...n},float,black
demand,get_total_demand,Qhs_sen_ahu0_kW,Nominal AHU sensible heat demand.,[kW/year],{0.0...n},float,black
demand,get_total_demand,Qhs_sen_ahu_MWhyr,AHU sensible heat demand,[MWh/year],{0.0...n},float,black
demand,get_total_demand,Qhs_sen_aru0_kW,ARU sensible heat demand,[kW/year],{0.0...n},float,black
demand,get_total_demand,Qhs_sen_aru_MWhyr,ARU sensible heat demand,[MWh/year],{0.0...n},float,black
demand,get_total_demand,Qhs_sen_shu0_kW,Nominal SHU sensible heat demand.,[kW/year],{0.0...n},float,black
demand,get_total_demand,Qhs_sen_shu_MWhyr,SHU sensible heat demand,[MWh/year],{0.0...n},float,black
demand,get_total_demand,Qhs_sen_sys0_kW,Nominal HVAC systems sensible heat demand.,[kW/year],{0.0...n},float,black
demand,get_total_demand,Qhs_sen_sys_MWhyr,SHU sensible heat demand,[MWh/year],{0.0...n},float,black
demand,get_total_demand,Qhs_sys0_kW,Nominal end-use space heating demand,kW,{0.0...n},float,red
demand,get_total_demand,Qhs_sys_MWhyr,End-use space heating demand,MWh/yr,{0.0...n},float,red
demand,get_total_demand,Qhs_sys_ahu0_kW,Nominal AHU sensible heat demand.,[kW/year],{0.0...n},float,black
demand,get_total_demand,Qhs_sys_ahu_MWhyr,AHU system heat demand,[MWh/year],{0.0...n},float,black
demand,get_total_demand,Qhs_sys_aru0_kW,Nominal ARU sensible heat demand.,[kW/year],{0.0...n},float,black
demand,get_total_demand,Qhs_sys_aru_MWhyr,ARU sensible heat demand,[MWh/year],{0.0...n},float,black
demand,get_total_demand,Qhs_sys_shu0_kW,Nominal SHU sensible heat demand.,[kW/year],{0.0...n},float,black
demand,get_total_demand,Qhs_sys_shu_MWhyr,SHU sensible heat demand,[MWh/year],{0.0...n},float,black
demand,get_total_demand,Qww0_kW,Nominal DHW heat demand.,[kW/year],{0.0...n},float,black
demand,get_total_demand,Qww_MWhyr,DHW heat demand,[MWh/year],{0.0...n},float,black
demand,get_total_demand,Qww_sys0_kW,Nominal end-use hotwater demand,kW,{0.0...n},float,orange
demand,get_total_demand,Qww_sys_MWhyr,End-use hotwater demand,MWh/yr,{0.0...n},float,orange
demand,get_total_demand,SOLAR_hs0_kW,Nominal solar energy consumption due to space heating,kW,{0.0...n},float,yellow
demand,get_total_demand,SOLAR_hs_MWhyr,Solar energy consumption due to space heating,MWh/yr,{0.0...n},float,yellow
demand,get_total_demand,SOLAR_ww0_kW,Nominal solar energy consumption due to hotwater,kW,{0.0...n},float,yellow_light
demand,get_total_demand,SOLAR_ww_MWhyr,Solar energy consumption due to hotwater,MWh/yr,{0.0...n},float,yellow_light
demand,get_total_demand,WOOD_hs0_kW,Nominal WOOD consumption due to space heating,kW,{0.0...n},float,brown
demand,get_total_demand,WOOD_hs_MWhyr,WOOD consumption due to space heating,MWh/yr,{0.0...n},float,brown
demand,get_total_demand,WOOD_ww0_kW,Nominal WOOD consumption due to hotwater,kW,{0.0...n},float,brown_light
demand,get_total_demand,WOOD_ww_MWhyr,WOOD consumption due to hotwater,MWh/yr,{0.0...n},float,brown_light
demand,get_total_demand,people0,Nominal occupancy,[people],{0...n},int,black
emissions,get_lca_embodied,E_ghg_kgm2,Building construction and decomissioning,kg CO2-eq/m2.yr,{0.0...n},float,black
emissions,get_lca_embodied,E_ghg_ton,Building construction and decomissioning,ton CO2-eq/yr,{0.0...n},float,black
emissions,get_lca_embodied,E_nre_pen_GJ,Building construction and decomissioning,GJ/yr,{0.0...n},float,red
emissions,get_lca_embodied,E_nre_pen_MJm2,Building construction and decomissioning,MJoil-eq/m2.yr,{0.0...n},float,red
emissions,get_lca_embodied,GFA_m2,Gross floor area,[m2],{0.0...n},float,black
emissions,get_lca_mobility,M_ghg_kgm2,Commuting,kg CO2-eq/m2.yr,{0.0...n},float,grey_light
emissions,get_lca_mobility,M_ghg_ton,Commuting,ton CO2-eq/yr,{0.0...n},float,grey_light
emissions,get_lca_mobility,M_nre_pen_GJ,Commuting,GJ/yr,{0.0...n},float,red_lighter
emissions,get_lca_mobility,M_nre_pen_MJm2,Commuting,MJoil-eq/m2.yr,{0.0...n},float,red_lighter
emissions,get_lca_operation,COAL_hs_ghg_kgm2,Emissions due to operational energy per unit of conditioned floor area of the coal powererd heating system,[kg/m2 -yr],{0.0...n},float,black
emissions,get_lca_operation,COAL_hs_ghg_ton,Emissions due to operational energy of the coal powered heating system,[ton/yr],{0.0...n},float,black
emissions,get_lca_operation,COAL_hs_nre_pen_GJ,Operational primary energy demand (non-renewable) for coal powered heating system,[GJ/yr],{0.0...n},float,black
emissions,get_lca_operation,COAL_hs_nre_pen_MJm2,Operational primary energy demand per unit of conditioned floor area (non-renewable) of the coal powered heating system,[MJ/m2-yr],{0.0...n},float,black
emissions,get_lca_operation,COAL_ww_ghg_kgm2,Emissions due to operational energy per unit of conditionend floor area of the coal powered domestic hot water system,[kg/m2 -yr],{0.0...n},float,black
emissions,get_lca_operation,COAL_ww_ghg_ton,Emissions due to operational energy of the coal powered domestic hot water system,[ton/yr],{0.0...n},float,black
emissions,get_lca_operation,COAL_ww_nre_pen_GJ,Operational primary energy demand (non-renewable) for coal powered domestic hot water system,[GJ/yr],{0.0...n},float,black
emissions,get_lca_operation,COAL_ww_nre_pen_MJm2,Operational primary energy demand per unit of conditioned floor area (non-renewable) of the coal powered domestic hot water system,[MJ/m2-yr],{0.0...n},float,black
emissions,get_lca_operation,DC_cdata_ghg_kgm2,Emissions due to operational energy per unit of conditioned floor area of the district cooling for the data center,[kg/m2 -yr],{0.0...n},float,black
emissions,get_lca_operation,DC_cdata_ghg_ton,Emissions due to operational energy of the district cooling for the data center,[ton/yr],{0.0...n},float,black
emissions,get_lca_operation,DC_cdata_nre_pen_GJ,Operational primary energy demand (non-renewable) for district cooling system of the data center,[GJ/yr],{0.0...n},float,black
emissions,get_lca_operation,DC_cdata_nre_pen_MJm2,Operational primary energy demand per unit of conditioned floor area (non-renewable) of the dstrict cooling for the data center,[MJ/m2-yr],{0.0...n},float,black
emissions,get_lca_operation,DC_cre_ghg_kgm2,Emissions due to operational energy per unit of conditioned floor area of the district cooling for cooling and refrigeration,[kg/m2 -yr],{0.0...n},float,black
emissions,get_lca_operation,DC_cre_ghg_ton,Emissions due to operational energy of the district cooling for the cooling and refrigeration,[ton/yr],{0.0...n},float,black
emissions,get_lca_operation,DC_cre_nre_pen_GJ,Operational primary energy demand (non-renewable) for district cooling system for cooling and refrigeration,[GJ/yr],{0.0...n},float,black
emissions,get_lca_operation,DC_cre_nre_pen_MJm2,Operational primary energy demand per unit of conditioned floor area (non-renewable) of the dstrict cooling for cooling and refrigeration,[MJ/m2-yr],{0.0...n},float,black
emissions,get_lca_operation,DC_cs_ghg_kgm2,Emissions due to operational energy per unit of conditioned floor area of the district cooling,[kg/m2 -yr],{0.0...n},float,black
emissions,get_lca_operation,DC_cs_ghg_ton,Emissions due to operational energy of the district cooling,[ton/yr],{0.0...n},float,black
emissions,get_lca_operation,DC_cs_nre_pen_GJ,Operational primary energy demand (non-renewable) for district cooling system,[GJ/yr],{0.0...n},float,black
emissions,get_lca_operation,DC_cs_nre_pen_MJm2,Operational primary energy demand per unit of conditioned floor area (non-renewable) of the district cooling,[MJ/m2-yr],{0.0...n},float,black
emissions,get_lca_operation,DH_hs_ghg_kgm2,Emissions due to operational energy per unit of conditioned floor area of the district heating system,[kg/m2 -yr],{0.0...n},float,black
emissions,get_lca_operation,DH_hs_ghg_ton,Emissions due to operational energy of the district heating system,[ton/yr],{0.0...n},float,black
emissions,get_lca_operation,DH_hs_nre_pen_GJ,Operational primary energy demand (non-renewable) for district heating system,[GJ/yr],{0.0...n},float,black
emissions,get_lca_operation,DH_hs_nre_pen_MJm2,Operational primary energy demand per unit of conditioned floor area (non-renewable) of the district heating system,[MJ/m2-yr],{0.0...n},float,black
emissions,get_lca_operation,DH_ww_ghg_kgm2,Emissions due to operational energy per unit of conditioned floor area of the district heating domestic hot water system,[kg/m2 -yr],{0.0...n},float,black
emissions,get_lca_operation,DH_ww_ghg_ton,Emissions due to operational energy of the district heating powered domestic hot water system,[ton/yr],{0.0...n},float,black
emissions,get_lca_operation,DH_ww_nre_pen_GJ,Operational primary energy demand (non-renewable) for district heating powered domestic hot water system,[GJ/yr],{0.0...n},float,black
emissions,get_lca_operation,DH_ww_nre_pen_MJm2,Operational primary energy demand per unit of conditioned floor area (non-renewable) of the district heating domestic hot water system,[MJ/m2-yr],{0.0...n},float,black
emissions,get_lca_operation,GFA_m2.1,TODO,TODO,TODO,TODO,black
emissions,get_lca_operation,GRID_ghg_kgm2,Emissions due to operational energy per unit of conditioned floor area from grid electricity,[kg/m2 -yr],{0.0...n},float,black
emissions,get_lca_operation,GRID_ghg_ton,Emissions due to operational energy of the electrictiy from the grid,[ton/yr],{0.0...n},float,black
emissions,get_lca_operation,GRID_nre_pen_GJ,Operational primary energy demand (non-renewable) from the grid,[GJ/yr],{0.0...n},float,black
emissions,get_lca_operation,GRID_nre_pen_MJm2,Operational primary energy demand per unit of conditioned floor area (non-renewable) from grid electricity,[MJ/m2-yr],{0.0...n},float,black
emissions,get_lca_operation,NG_hs_ghg_kgm2,Emissions due to operational energy per unit of conditioned floor area of the natural gas powered heating system,[kg/m2 -yr],{0.0...n},float,black
emissions,get_lca_operation,NG_hs_ghg_ton,Emissions due to operational energy of the natural gas powered heating system,[ton/yr],{0.0...n},float,black
emissions,get_lca_operation,NG_hs_nre_pen_GJ,Operational primary energy demand (non-renewable) for natural gas powered heating system,[GJ/yr],{0.0...n},float,black
emissions,get_lca_operation,NG_hs_nre_pen_MJm2,Operational primary energy demand per unit of conditioned floor area (non-renewable) of the natural gas powered heating system,[MJ/m2-yr],{0.0...n},float,black
emissions,get_lca_operation,NG_ww_ghg_kgm2,Emissions due to operational energy per unit of conditioned floor area of the gas powered domestic hot water system,[kg/m2 -yr],{0.0...n},float,black
emissions,get_lca_operation,NG_ww_ghg_ton,Emissions due to operational energy of the solar powered domestic hot water system,[ton/yr],{0.0...n},float,black
emissions,get_lca_operation,NG_ww_nre_pen_GJ,Operational primary energy demand (non-renewable) for natural gas powered domestic hot water system,[GJ/yr],{0.0...n},float,black
emissions,get_lca_operation,NG_ww_nre_pen_MJm2,Operational primary energy demand per unit of conditioned floor area (non-renewable) of the natural gas powered domestic hot water system,[MJ/m2-yr],{0.0...n},float,black
emissions,get_lca_operation,Name.1,TODO,TODO,TODO,TODO,black
emissions,get_lca_operation,OIL_hs_ghg_kgm2,Emissions due to operational energy per unit of conditioned floor area of the oil powered heating system,[kg/m2 -yr],{0.0...n},float,black
emissions,get_lca_operation,OIL_hs_ghg_ton,Emissions due to operational energy of the oil powered heating system,[ton/yr],{0.0...n},float,black
emissions,get_lca_operation,OIL_hs_nre_pen_GJ,Operational primary energy demand (non-renewable) for oil powered heating system,[GJ/yr],{0.0...n},float,black
emissions,get_lca_operation,OIL_hs_nre_pen_MJm2,Operational primary energy demand per unit of conditioned floor area (non-renewable) of the oil powered heating system,[MJ/m2-yr],{0.0...n},float,black
emissions,get_lca_operation,OIL_ww_ghg_kgm2,Emissions due to operational energy per unit of conditioned floor area of the oil powered domestic hot water system,[kg/m2 -yr],{0.0...n},float,black
emissions,get_lca_operation,OIL_ww_ghg_ton,Emissions due to operational energy of the oil powered domestic hot water system,[ton/yr],{0.0...n},float,black
emissions,get_lca_operation,OIL_ww_nre_pen_GJ,Operational primary energy demand (non-renewable) for oil powered domestic hot water system,[GJ/yr],{0.0...n},float,black
emissions,get_lca_operation,OIL_ww_nre_pen_MJm2,Operational primary energy demand per unit of conditioned floor area (non-renewable) of the oil powered domestic hot water system,[MJ/m2-yr],{0.0...n},float,black
emissions,get_lca_operation,O_ghg_kgm2,Energy system operation,kg CO2-eq/m2.yr,{0.0...n},float,grey
emissions,get_lca_operation,O_ghg_ton,Energy system operation,ton CO2-eq/yr,{0.0...n},float,grey
emissions,get_lca_operation,O_nre_pen_GJ,Energy system operation,GJ/yr,{0.0...n},float,red_light
emissions,get_lca_operation,O_nre_pen_MJm2,Energy system operation,MJoil-eq/m2.yr,{0.0...n},float,red_light
emissions,get_lca_operation,PV_ghg_kgm2,Emissions due to operational energy per unit of conditioned floor area for PV-System,[kg/m2 -yr],{0.0...n},float,black
emissions,get_lca_operation,PV_ghg_kgm2.1,TODO,TODO,TODO,TODO,black
emissions,get_lca_operation,PV_ghg_ton,Emissions due to operational energy of the PV-System,[ton/yr],{0.0...n},float,black
emissions,get_lca_operation,PV_ghg_ton.1,TODO,TODO,TODO,TODO,black
emissions,get_lca_operation,PV_nre_pen_GJ,Operational primary energy demand (non-renewable) for PV-System,[GJ/yr],{0.0...n},float,black
emissions,get_lca_operation,PV_nre_pen_GJ.1,TODO,TODO,TODO,TODO,black
emissions,get_lca_operation,PV_nre_pen_MJm2,Operational primary energy demand per unit of conditioned floor area (non-renewable) for PV System,[MJ/m2-yr],{0.0...n},float,black
emissions,get_lca_operation,PV_nre_pen_MJm2.1,TODO,TODO,TODO,TODO,black
emissions,get_lca_operation,SOLAR_hs_ghg_kgm2,Emissions due to operational energy per unit of conditioned floor area of the solar powered heating system,[kg/m2 -yr],{0.0...n},float,black
emissions,get_lca_operation,SOLAR_hs_ghg_ton,Emissions due to operational energy of the solar powered heating system,[ton/yr],{0.0...n},float,black
emissions,get_lca_operation,SOLAR_hs_nre_pen_GJ,Operational primary energy demand (non-renewable) of the solar powered heating system,[GJ/yr],{0.0...n},float,black
emissions,get_lca_operation,SOLAR_hs_nre_pen_MJm2,Operational primary energy demand per unit of conditioned floor area (non-renewable) of the solar powered heating system,[MJ/m2-yr],{0.0...n},float,black
emissions,get_lca_operation,SOLAR_ww_ghg_kgm2,Emissions due to operational energy per unit of conditioned floor area of the solar powered domestic hot water system,[kg/m2 -yr],{0.0...n},float,black
emissions,get_lca_operation,SOLAR_ww_ghg_ton,Emissions due to operational energy of the solar powered domestic hot water system,[ton/yr],{0.0...n},float,black
emissions,get_lca_operation,SOLAR_ww_nre_pen_GJ,Operational primary energy demand (non-renewable) for solar powered domestic hot water system,[GJ/yr],{0.0...n},float,black
emissions,get_lca_operation,SOLAR_ww_nre_pen_MJm2,Operational primary energy demand per unit of conditioned floor area (non-renewable) of the solar poweed domestic hot water system,[MJ/m2-yr],{0.0...n},float,black
emissions,get_lca_operation,WOOD_hs_ghg_kgm2,Emissions due to operational energy per unit of conditioned floor area of the wood powered heating system,[kg/m2 -yr],{0.0...n},float,black
emissions,get_lca_operation,WOOD_hs_ghg_ton,Emissions due to operational energy of the wood powered heating system,[ton/yr],{0.0...n},float,black
emissions,get_lca_operation,WOOD_hs_nre_pen_GJ,Operational primary energy demand (non-renewable) for wood powered heating system,[GJ/yr],{0.0...n},float,black
emissions,get_lca_operation,WOOD_hs_nre_pen_MJm2,Operational primary energy demand per unit of conditioned floor area (non-renewable) of the wood powered heating system,[MJ/m2-yr],{0.0...n},float,black
emissions,get_lca_operation,WOOD_ww_ghg_kgm2,Emissions due to operational energy per unit of conditioned floor area of the wood powered domestic hot water system,[kg/m2 -yr],{0.0...n},float,black
emissions,get_lca_operation,WOOD_ww_ghg_ton,Emissions due to operational energy of the wood powered domestic hot water system,[ton/yr],{0.0...n},float,black
emissions,get_lca_operation,WOOD_ww_nre_pen_GJ,Operational primary energy demand (non-renewable) for wood powered domestic hot water system,[GJ/yr],{0.0...n},float,black
emissions,get_lca_operation,WOOD_ww_nre_pen_MJm2,Operational primary energy demand per unit of conditioned floor area (non-renewable) of the wood powered domestic hot water system,[MJ/m2-yr],{0.0...n},float,black
input: LCA_buildings.xlsx,get_life_cycle_inventory_building_systems,Excavation,Typical embodied energy for site excavation.,[GJ],{0.0....n},float,black
input: LCA_buildings.xlsx,get_life_cycle_inventory_building_systems,Floor_g,Typical embodied energy of the ground floor.,[GJ],{0.0....n},float,black
input: LCA_buildings.xlsx,get_life_cycle_inventory_building_systems,Floor_int,Typical embodied energy of the interior floor.,[GJ],{0.0....n},float,black
input: LCA_buildings.xlsx,get_life_cycle_inventory_building_systems,Roof,Typical embodied energy of the roof.,[GJ],{0.0....n},float,black
input: LCA_buildings.xlsx,get_life_cycle_inventory_building_systems,Services,Typical embodied energy of the building services.,[GJ],{0.0....n},float,black
input: LCA_buildings.xlsx,get_life_cycle_inventory_building_systems,Wall_ext_ag,Typical embodied energy of the exterior above ground walls.,[GJ],{0.0....n},float,black
input: LCA_buildings.xlsx,get_life_cycle_inventory_building_systems,Wall_ext_bg,Typical embodied energy of the exterior below ground walls.,[GJ],{0.0....n},float,black
input: LCA_buildings.xlsx,get_life_cycle_inventory_building_systems,Wall_int_nosup,TODO,[GJ],{0.0....n},float,black
input: LCA_buildings.xlsx,get_life_cycle_inventory_building_systems,Wall_int_sup,TODO,[GJ],{0.0....n},float,black
input: LCA_buildings.xlsx,get_life_cycle_inventory_building_systems,Win_ext,Typical embodied energy of the external glazing.,[GJ],{0.0....n},float,black
input: LCA_buildings.xlsx,get_life_cycle_inventory_building_systems,building_use,Building use. It relates to the uses stored in the input database of Zone_occupancy,[-],Those stored in Zone_occupancy,string,black
input: LCA_buildings.xlsx,get_life_cycle_inventory_building_systems,standard,"Letter representing whereas the field represent construction properties of a building as newly constructed, C, or renovated, R.",[-],"{C, R}",string,black
input: LCA_buildings.xlsx,get_life_cycle_inventory_building_systems,year_end,Upper limit of year interval where the building properties apply,[yr],{0...n},int,black
input: LCA_buildings.xlsx,get_life_cycle_inventory_building_systems,year_start,Lower limit of year interval where the building properties apply,[yr],{0...n},int,black
input: LCA_infrastructure.xlsx,get_life_cycle_inventory_supply_systems,CO2,Refers to the equivalent CO2 required to run the heating or cooling system.,[kg/kWh],{0.0....n},float,black
input: LCA_infrastructure.xlsx,get_life_cycle_inventory_supply_systems,Description,Describes the source of the benchmark standards.,[-],[-],string,black
input: LCA_infrastructure.xlsx,get_life_cycle_inventory_supply_systems,PEN,Refers to the amount of primary energy needed (PEN) to run the heating or cooling system.,[kWh/kWh],{0.0....n},float,black
input: LCA_infrastructure.xlsx,get_life_cycle_inventory_supply_systems,code,Building use. It relates to the uses stored in the input database of Zone_occupancy,[-],Those stored in Zone_occupancy,string,black
input: LCA_infrastructure.xlsx,get_life_cycle_inventory_supply_systems,costs_kWh,Refers to the financial costs required to run the heating or cooling system.,[$/kWh],{0.0....n},float,black
input: LCA_infrastructure.xlsx,get_life_cycle_inventory_supply_systems,eff_cs,TODO,TODO,TODO,TODO,black
input: LCA_infrastructure.xlsx,get_life_cycle_inventory_supply_systems,eff_dhw,TODO,TODO,TODO,TODO,black
input: LCA_infrastructure.xlsx,get_life_cycle_inventory_supply_systems,eff_el,TODO,TODO,TODO,TODO,black
input: LCA_infrastructure.xlsx,get_life_cycle_inventory_supply_systems,eff_hs,TODO,TODO,TODO,TODO,black
input: LCA_infrastructure.xlsx,get_life_cycle_inventory_supply_systems,reference,TODO,[-],[-],string,black
input: LCA_infrastructure.xlsx,get_life_cycle_inventory_supply_systems,scale_cs,TODO,TODO,TODO,TODO,black
input: LCA_infrastructure.xlsx,get_life_cycle_inventory_supply_systems,scale_dhw,TODO,TODO,TODO,TODO,black
input: LCA_infrastructure.xlsx,get_life_cycle_inventory_supply_systems,scale_el,TODO,TODO,TODO,TODO,black
input: LCA_infrastructure.xlsx,get_life_cycle_inventory_supply_systems,scale_hs,TODO,TODO,TODO,TODO,black
input: LCA_infrastructure.xlsx,get_life_cycle_inventory_supply_systems,source_cs,TODO,TODO,TODO,TODO,black
input: LCA_infrastructure.xlsx,get_life_cycle_inventory_supply_systems,source_dhw,TODO,TODO,TODO,TODO,black
input: LCA_infrastructure.xlsx,get_life_cycle_inventory_supply_systems,source_el,TODO,TODO,TODO,TODO,black
input: LCA_infrastructure.xlsx,get_life_cycle_inventory_supply_systems,source_hs,TODO,TODO,TODO,TODO,black
input: Singapore.epw,get_weather,,TODO,TODO,TODO,TODO,black
input: age.dbf,get_building_age,HVAC,Year of last retrofit of HVAC systems (0 if none),[-],{0...n},int,black
input: age.dbf,get_building_age,basement,Year of last retrofit of basement (0 if none),[-],{0...n},int,black
input: age.dbf,get_building_age,built,Construction year,[-],{0...n},int,black
input: age.dbf,get_building_age,envelope,Year of last retrofit of building facades (0 if none),[-],{0...n},int,black
input: age.dbf,get_building_age,partitions,Year of last retrofit of internal wall partitions(0 if none),[-],{0...n},int,black
input: age.dbf,get_building_age,roof,Year of last retrofit of roof (0 if none),[-],{0...n},int,black
input: age.dbf,get_building_age,windows,Year of last retrofit of windows (0 if none),[-],{0...n},int,black
input: benchmark_2000W.xls,get_data_benchmark,CO2_target_new,Target CO2 production for newly constructed buildings,[-],{0.0...n},float,black
input: benchmark_2000W.xls,get_data_benchmark,CO2_target_retrofit,Target CO2 production for retrofitted buildings,[-],{0.0...n},float,black
input: benchmark_2000W.xls,get_data_benchmark,CO2_today,Present CO2 production,[-],{0.0...n},float,black
input: benchmark_2000W.xls,get_data_benchmark,NRE_target_new,Target non-renewable energy consumption for newly constructed buildings,[-],{0.0...n},float,black
input: benchmark_2000W.xls,get_data_benchmark,NRE_target_retrofit,Target non-renewable energy consumption for retrofitted buildings,[-],{0.0...n},float,black
input: benchmark_2000W.xls,get_data_benchmark,NRE_today,Present non-renewable energy consumption,[-],{0.0...n},float,black
input: benchmark_2000W.xls,get_data_benchmark,PEN_target_new,Target primary energy demand for newly constructed buildings,[-],{0.0...n},float,black
input: benchmark_2000W.xls,get_data_benchmark,PEN_target_retrofit,Target primary energy demand for retrofitted buildings,[-],{0.0...n},float,black
input: benchmark_2000W.xls,get_data_benchmark,PEN_today,Present primary energy demand,[-],{0.0...n},float,black
input: construction_properties.xlsx,get_archetypes_properties,Code,Unique code for the material of the pipe.,[-],[-],string,black
input: construction_properties.xlsx,get_archetypes_properties,Ea_Wm2,Peak specific electrical load due to computers and devices,[W/m2],{0.0...n},float,black
input: construction_properties.xlsx,get_archetypes_properties,Ed_Wm2,Peak specific electrical load due to servers/data centres,[W/m2],{0.0...n},float,black
input: construction_properties.xlsx,get_archetypes_properties,El_Wm2,Peak specific electrical load due to artificial lighting,[W/m2],{0.0...n},float,black
input: construction_properties.xlsx,get_archetypes_properties,Epro_Wm2,Peak specific electrical load due to industrial processes,[W/m2],{0.0...n},string,black
input: construction_properties.xlsx,get_archetypes_properties,Es,TODO,TODO,TODO,TODO,black
input: construction_properties.xlsx,get_archetypes_properties,Hs,Fraction of gross floor area air-conditioned.,[m2/m2],{0.0...1},float,black
input: construction_properties.xlsx,get_archetypes_properties,Ns,TODO,TODO,TODO,TODO,black
input: construction_properties.xlsx,get_archetypes_properties,Qcre_Wm2,TODO,TODO,TODO,TODO,black
input: construction_properties.xlsx,get_archetypes_properties,Qhpro_Wm2,Peak specific due to process heat,[W/m2],{0.0...n},float,black
input: construction_properties.xlsx,get_archetypes_properties,Qs_Wp,TODO,TODO,TODO,TODO,black
input: construction_properties.xlsx,get_archetypes_properties,Tcs_set_C,Setpoint temperature for cooling system,[C],{0.0...n},float,black
input: construction_properties.xlsx,get_archetypes_properties,Tcs_setb_C,Setback point of temperature for cooling system,[C],{0.0...n},float,black
input: construction_properties.xlsx,get_archetypes_properties,Ths_set_C,Setpoint temperature for heating system,[C],{0.0...n},float,black
input: construction_properties.xlsx,get_archetypes_properties,Ths_setb_C,Setback point of temperature for heating system,[C],{0.0...n},float,black
input: construction_properties.xlsx,get_archetypes_properties,Ve_lps,Indoor quality requirements of indoor ventilation per person,[l/s],{0.0...n},float,black
input: construction_properties.xlsx,get_archetypes_properties,Vw_lpd,Peak specific fresh water consumption (includes cold and hot water),[lpd],{0.0...n},float,black
input: construction_properties.xlsx,get_archetypes_properties,Vww_lpd,Peak specific daily hot water consumption,[lpd],{0.0...n},float,black
input: construction_properties.xlsx,get_archetypes_properties,X_ghp,Moisture released by occupancy at peak conditions,[gh/kg/p],{0.0...n},float,black
input: construction_properties.xlsx,get_archetypes_properties,rhum_max_pc,TODO,TODO,TODO,TODO,black
input: construction_properties.xlsx,get_archetypes_properties,rhum_min_pc,TODO,TODO,TODO,TODO,black
input: construction_properties.xlsx,get_archetypes_properties,type_cons,Type of construction. It relates to the contents of the default database of Envelope Properties: construction,[code],{T1...Tn},string,black
input: construction_properties.xlsx,get_archetypes_properties,type_leak,Leakage level. It relates to the contents of the default database of Envelope Properties: leakage,[code],{T1...Tn},string,black
input: construction_properties.xlsx,get_archetypes_properties,type_roof,Roof construction type (relates to values in Default Database Construction Properties),[-],{T1...Tn},string,black
input: construction_properties.xlsx,get_archetypes_properties,type_shade,Shading system type (relates to values in Default Database Construction Properties),[m2/m2],{T1...Tn},float,black
input: construction_properties.xlsx,get_archetypes_properties,type_wall,Wall construction type (relates to values in Default Database Construction Properties),[m2/m2],{T1...Tn},float,black
input: construction_properties.xlsx,get_archetypes_properties,type_win,Window type (relates to values in Default Database Construction Properties),[m2/m2],{T1...Tn},float,black
input: construction_properties.xlsx,get_archetypes_properties,void_deck,Share of floors with an open envelope (default = 0),[floor/floor],{0.0...1},float,black
input: construction_properties.xlsx,get_archetypes_properties,wwr_east,Window to wall ratio in in facades facing east,[m2/m2],{0.0...1},float,black
input: construction_properties.xlsx,get_archetypes_properties,wwr_north,Window to wall ratio in in facades facing north,[m2/m2],{0.0...1},float,black
input: construction_properties.xlsx,get_archetypes_properties,wwr_south,Window to wall ratio in in facades facing south,[m2/m2],{0.0...1},float,black
input: construction_properties.xlsx,get_archetypes_properties,wwr_west,Window to wall ratio in in facades facing west,[m2/m2],{0.0...1},float,black
input: emission_systems.xls,get_technical_emission_systems,ECONOMIZER,TODO,TODO,TODO,TODO,black
input: emission_systems.xls,get_technical_emission_systems,HEAT_REC,TODO,TODO,TODO,TODO,black
input: emission_systems.xls,get_technical_emission_systems,MECH_VENT,TODO,TODO,TODO,TODO,black
input: emission_systems.xls,get_technical_emission_systems,NIGHT_FLSH,TODO,TODO,TODO,TODO,black
input: emission_systems.xls,get_technical_emission_systems,Qcsmax_Wm2,TODO,TODO,TODO,TODO,black
input: emission_systems.xls,get_technical_emission_systems,Qhsmax_Wm2,TODO,TODO,TODO,TODO,black
input: emission_systems.xls,get_technical_emission_systems,Qwwmax_Wm2,Maximum heat flow permitted by the distribution system per m2 of the exchange interface (e.g. floor/radiator heating area).,[W/m2],{0.0....n},float,black
input: emission_systems.xls,get_technical_emission_systems,Tc_sup_air_ahu_C,TODO,TODO,TODO,TODO,black
input: emission_systems.xls,get_technical_emission_systems,Tc_sup_air_aru_C,TODO,TODO,TODO,TODO,black
input: emission_systems.xls,get_technical_emission_systems,Th_sup_air_ahu_C,TODO,TODO,TODO,TODO,black
input: emission_systems.xls,get_technical_emission_systems,Th_sup_air_aru_C,TODO,TODO,TODO,TODO,black
input: emission_systems.xls,get_technical_emission_systems,Tscs0_ahu_C,TODO,TODO,TODO,TODO,black
input: emission_systems.xls,get_technical_emission_systems,Tscs0_aru_C,TODO,TODO,TODO,TODO,black
input: emission_systems.xls,get_technical_emission_systems,Tscs0_scu_C,TODO,TODO,TODO,TODO,black
input: emission_systems.xls,get_technical_emission_systems,Tshs0_ahu_C,TODO,TODO,TODO,TODO,black
input: emission_systems.xls,get_technical_emission_systems,Tshs0_aru_C,TODO,TODO,TODO,TODO,black
input: emission_systems.xls,get_technical_emission_systems,Tshs0_shu_C,TODO,TODO,TODO,TODO,black
input: emission_systems.xls,get_technical_emission_systems,Tsww0_C,Typical supply water temperature.,[C],{0.0....n},float,black
input: emission_systems.xls,get_technical_emission_systems,WIN_VENT,TODO,TODO,TODO,TODO,black
input: emission_systems.xls,get_technical_emission_systems,dT_Qcs,TODO,TODO,TODO,TODO,black
input: emission_systems.xls,get_technical_emission_systems,dT_Qhs,TODO,TODO,TODO,TODO,black
input: emission_systems.xls,get_technical_emission_systems,dTcs0_ahu_C,TODO,TODO,TODO,TODO,black
input: emission_systems.xls,get_technical_emission_systems,dTcs0_aru_C,TODO,TODO,TODO,TODO,black
input: emission_systems.xls,get_technical_emission_systems,dTcs0_scu_C,TODO,TODO,TODO,TODO,black
input: emission_systems.xls,get_technical_emission_systems,dTcs_C,TODO,TODO,TODO,TODO,black
input: emission_systems.xls,get_technical_emission_systems,dThs0_ahu_C,TODO,TODO,TODO,TODO,black
input: emission_systems.xls,get_technical_emission_systems,dThs0_aru_C,TODO,TODO,TODO,TODO,black
input: emission_systems.xls,get_technical_emission_systems,dThs0_shu_C,TODO,TODO,TODO,TODO,black
input: emission_systems.xls,get_technical_emission_systems,dThs_C,TODO,TODO,TODO,TODO,black
input: envelope_systems.xls,get_envelope_systems,Cm_Af,Internal heat capacity per unit of air conditioned area. Defined according to ISO 13790.,[J/Km2],{0.0...1},float,black
input: envelope_systems.xls,get_envelope_systems,G_win,Solar heat gain coefficient. Defined according to ISO 13790.,[-],{0.0...1},float,black
input: envelope_systems.xls,get_envelope_systems,U_base,Thermal transmittance of basement including linear losses (+10%). Defined according to ISO 13790.,[-],{0.0...1},float,black
input: envelope_systems.xls,get_envelope_systems,U_roof,Thermal transmittance of windows including linear losses (+10%). Defined according to ISO 13790.,[-],{0.1...n},float,black
input: envelope_systems.xls,get_envelope_systems,U_wall,Thermal transmittance of windows including linear losses (+10%). Defined according to ISO 13790.,[-],{0.1...n},float,black
input: envelope_systems.xls,get_envelope_systems,U_win,Thermal transmittance of windows including linear losses (+10%). Defined according to ISO 13790.,[-],{0.1...n},float,black
input: envelope_systems.xls,get_envelope_systems,a_roof,Solar absorption coefficient. Defined according to ISO 13790.,[-],{0.0...1},float,black
input: envelope_systems.xls,get_envelope_systems,a_wall,Solar absorption coefficient. Defined according to ISO 13790.,[-],{0.0...1},float,black
input: envelope_systems.xls,get_envelope_systems,e_roof,Emissivity of external surface. Defined according to ISO 13790.,[-],{0.0...1},float,black
input: envelope_systems.xls,get_envelope_systems,e_wall,Emissivity of external surface. Defined according to ISO 13790.,[-],{0.0...1},float,black
input: envelope_systems.xls,get_envelope_systems,e_win,Emissivity of external surface. Defined according to ISO 13790.,[-],{0.0...1},float,black
input: envelope_systems.xls,get_envelope_systems,n50,Air exchanges per hour at a pressure of 50 Pa.,[1/h],{0.0...10},float,black
input: envelope_systems.xls,get_envelope_systems,r_roof,Reflectance in the Red spectrum. Defined according Radiance. (long-wave),[-],{0.0...1},float,black
input: envelope_systems.xls,get_envelope_systems,r_wall,Reflectance in the Red spectrum. Defined according Radiance. (long-wave),[-],{0.0...1},float,black
input: envelope_systems.xls,get_envelope_systems,rf_sh,Shading coefficient when shading device is active. Defined according to ISO 13790.,[-],{0.0...1},float,black
input: occupancy.dbf,get_building_occupancy,COOLROOM,Refrigeration rooms,m2,{0.0...1},float,red
input: occupancy.dbf,get_building_occupancy,FOODSTORE,Food stores,m2,{0.0...1},float,orange
input: occupancy.dbf,get_building_occupancy,GYM,Gymnasiums,m2,{0.0...1},float,yellow
input: occupancy.dbf,get_building_occupancy,HOSPITAL,Hospitals,m2,{0.0...1},float,brown
input: occupancy.dbf,get_building_occupancy,HOTEL,Hotels,m2,{0.0...1},float,green
input: occupancy.dbf,get_building_occupancy,INDUSTRIAL,Light industry,m2,{0.0...1},float,blue
input: occupancy.dbf,get_building_occupancy,LIBRARY,Libraries,m2,{0.0...1},float,grey
input: occupancy.dbf,get_building_occupancy,MULTI_RES,Residential (multiple dwellings),m2,TODO,TODO,purple
input: occupancy.dbf,get_building_occupancy,OFFICE,Offices,m2,{0.0...1},float,red
input: occupancy.dbf,get_building_occupancy,PARKING,Parking,m2,{0.0...1},float,orange
input: occupancy.dbf,get_building_occupancy,RESTAURANT,Restaurants,m2,{0.0...1},float,yellow
input: occupancy.dbf,get_building_occupancy,RETAIL,Retail,m2,{0.0...1},float,brown
input: occupancy.dbf,get_building_occupancy,SCHOOL,Schools,m2,{0.0...1},float,green
input: occupancy.dbf,get_building_occupancy,SERVERROOM,Data center,m2,{0.0...1},float,blue
input: occupancy.dbf,get_building_occupancy,SINGLE_RES,Residential (single dwellings),m2,{0.0...1},float,grey
input: occupancy.dbf,get_building_occupancy,SWIMMING,Swimming halls,m2,{0.0...1},float,purple
input: occupancy_schedules.xlsx,get_archetypes_schedules,Saturday_1,Probability of maximum occupancy per hour on Saturday,[p/p],{0.0...1},float,black
input: occupancy_schedules.xlsx,get_archetypes_schedules,Saturday_2,Probability of use of lighting and appliances (daily) for each hour,[p/p],{0.0...1},float,black
input: occupancy_schedules.xlsx,get_archetypes_schedules,Saturday_3,Probability of domestic hot water consumption (daily) for each hour,[p/p],{0.0...1},float,black
input: occupancy_schedules.xlsx,get_archetypes_schedules,Saturday_4,TODO,TODO,TODO,TODO,black
input: occupancy_schedules.xlsx,get_archetypes_schedules,Sunday_1,Probability of maximum occupancy per hour on Sunday,[p/p],{0.0...1},float,black
input: occupancy_schedules.xlsx,get_archetypes_schedules,Sunday_2,Probability of use of lighting and appliances (daily) for each hour,[p/p],{0.0...1},float,black
input: occupancy_schedules.xlsx,get_archetypes_schedules,Sunday_3,Probability of domestic hot water consumption (daily) for each hour,[p/p],{0.0...1},float,black
input: occupancy_schedules.xlsx,get_archetypes_schedules,Sunday_4,TODO,TODO,TODO,TODO,black
input: occupancy_schedules.xlsx,get_archetypes_schedules,Weekday_1,Probability of maximum occupancy per hour in a weekday,[p/p],{0.0...1},float,black
input: occupancy_schedules.xlsx,get_archetypes_schedules,Weekday_2,Probability of use of lighting and appliances (daily) for each hour,[p/p],{0.0...1},float,black
input: occupancy_schedules.xlsx,get_archetypes_schedules,Weekday_3,Probability of domestic hot water consumption (daily) for each hour,[p/p],{0.0...1},float,black
input: occupancy_schedules.xlsx,get_archetypes_schedules,Weekday_4,TODO,TODO,TODO,TODO,black
input: occupancy_schedules.xlsx,get_archetypes_schedules,density,TODO,TODO,TODO,TODO,black
input: occupancy_schedules.xlsx,get_archetypes_schedules,month,TODO,TODO,TODO,TODO,black
input: streets.shp,get_street_network,FID,TODO,TODO,TODO,TODO,black
input: supply_systems.xls,get_supply_systems, Assumptions,TODO,TODO,TODO,TODO,black
input: supply_systems.xls,get_supply_systems,C_eff,TODO,TODO,TODO,TODO,black
input: supply_systems.xls,get_supply_systems,Cp_fluid,TODO,TODO,TODO,TODO,black
input: supply_systems.xls,get_supply_systems,Currency,Defines the unit of currency used to create the cost estimations (year specific). E.g. USD-2015.,[-],[-],string,black
input: supply_systems.xls,get_supply_systems,Currency ,TODO,TODO,TODO,TODO,black
input: supply_systems.xls,get_supply_systems,Diameter_max,Defines the maximum pipe diameter tolerance for the nominal diameter (DN) bin.,[-],{0.0....n},float,black
input: supply_systems.xls,get_supply_systems,Diameter_min,Defines the minimum pipe diameter tolerance for the nominal diameter (DN) bin.,[-],{0.0....n},float,black
input: supply_systems.xls,get_supply_systems,IAM_d,TODO,TODO,TODO,TODO,black
input: supply_systems.xls,get_supply_systems,IR_%,TODO,TODO,TODO,TODO,black
input: supply_systems.xls,get_supply_systems,Investment,Typical cost of investment for a given pipe diameter.,[$/m],{0.0....n},float,black
input: supply_systems.xls,get_supply_systems,LT_yr,TODO,TODO,TODO,TODO,black
input: supply_systems.xls,get_supply_systems,O&M_%,TODO,TODO,TODO,TODO,black
input: supply_systems.xls,get_supply_systems,PV_Bref,TODO,TODO,TODO,TODO,black
input: supply_systems.xls,get_supply_systems,PV_a0,TODO,TODO,TODO,TODO,black
input: supply_systems.xls,get_supply_systems,PV_a1,TODO,TODO,TODO,TODO,black
input: supply_systems.xls,get_supply_systems,PV_a2,TODO,TODO,TODO,TODO,black
input: supply_systems.xls,get_supply_systems,PV_a3,TODO,TODO,TODO,TODO,black
input: supply_systems.xls,get_supply_systems,PV_a4,TODO,TODO,TODO,TODO,black
input: supply_systems.xls,get_supply_systems,PV_n,TODO,TODO,TODO,TODO,black
input: supply_systems.xls,get_supply_systems,PV_noct,TODO,TODO,TODO,TODO,black
input: supply_systems.xls,get_supply_systems,PV_th,TODO,TODO,TODO,TODO,black
input: supply_systems.xls,get_supply_systems,Unit,Defines the unit of measurement for the diameter values.,[mm],[-],string,black
input: supply_systems.xls,get_supply_systems,a,TODO,TODO,TODO,TODO,black
input: supply_systems.xls,get_supply_systems,a_e,TODO,TODO,TODO,TODO,black
input: supply_systems.xls,get_supply_systems,a_g,TODO,TODO,TODO,TODO,black
input: supply_systems.xls,get_supply_systems,a_p,TODO,TODO,TODO,TODO,black
input: supply_systems.xls,get_supply_systems,aperture_area_ratio,TODO,TODO,TODO,TODO,black
input: supply_systems.xls,get_supply_systems,assumption,TODO,TODO,TODO,TODO,black
input: supply_systems.xls,get_supply_systems,b,TODO,TODO,TODO,TODO,black
input: supply_systems.xls,get_supply_systems,b_p,TODO,TODO,TODO,TODO,black
input: supply_systems.xls,get_supply_systems,c,TODO,TODO,TODO,TODO,black
input: supply_systems.xls,get_supply_systems,c1,TODO,TODO,TODO,TODO,black
input: supply_systems.xls,get_supply_systems,c2,TODO,TODO,TODO,TODO,black
input: supply_systems.xls,get_supply_systems,c_p,TODO,TODO,TODO,TODO,black
input: supply_systems.xls,get_supply_systems,cap_max,TODO,TODO,TODO,TODO,black
input: supply_systems.xls,get_supply_systems,cap_min,TODO,TODO,TODO,TODO,black
input: supply_systems.xls,get_supply_systems,currency,TODO,TODO,TODO,TODO,black
input: supply_systems.xls,get_supply_systems,d,TODO,TODO,TODO,TODO,black
input: supply_systems.xls,get_supply_systems,dP1,TODO,TODO,TODO,TODO,black
input: supply_systems.xls,get_supply_systems,dP2,TODO,TODO,TODO,TODO,black
input: supply_systems.xls,get_supply_systems,dP3,TODO,TODO,TODO,TODO,black
input: supply_systems.xls,get_supply_systems,dP4,TODO,TODO,TODO,TODO,black
input: supply_systems.xls,get_supply_systems,d_p,TODO,TODO,TODO,TODO,black
input: supply_systems.xls,get_supply_systems,e,TODO,TODO,TODO,TODO,black
input: supply_systems.xls,get_supply_systems,e_e,TODO,TODO,TODO,TODO,black
input: supply_systems.xls,get_supply_systems,e_g,TODO,TODO,TODO,TODO,black
input: supply_systems.xls,get_supply_systems,e_p,TODO,TODO,TODO,TODO,black
input: supply_systems.xls,get_supply_systems,el_W,TODO,TODO,TODO,TODO,black
input: supply_systems.xls,get_supply_systems,mB0_r,TODO,TODO,TODO,TODO,black
input: supply_systems.xls,get_supply_systems,mB_max_r,TODO,TODO,TODO,TODO,black
input: supply_systems.xls,get_supply_systems,mB_min_r,TODO,TODO,TODO,TODO,black
input: supply_systems.xls,get_supply_systems,m_cw,TODO,TODO,TODO,TODO,black
input: supply_systems.xls,get_supply_systems,m_hw,TODO,TODO,TODO,TODO,black
input: supply_systems.xls,get_supply_systems,misc_losses,TODO,TODO,TODO,TODO,black
input: supply_systems.xls,get_supply_systems,module_area_m2,TODO,TODO,TODO,TODO,black
input: supply_systems.xls,get_supply_systems,module_length_m,TODO,TODO,TODO,TODO,black
input: supply_systems.xls,get_supply_systems,n0,TODO,TODO,TODO,TODO,black
input: supply_systems.xls,get_supply_systems,r_e,TODO,TODO,TODO,TODO,black
input: supply_systems.xls,get_supply_systems,r_g,TODO,TODO,TODO,TODO,black
input: supply_systems.xls,get_supply_systems,s_e,TODO,TODO,TODO,TODO,black
input: supply_systems.xls,get_supply_systems,s_g,TODO,TODO,TODO,TODO,black
input: supply_systems.xls,get_supply_systems,t_max,TODO,TODO,TODO,TODO,black
input: supply_systems.xls,get_supply_systems,type,TODO,TODO,TODO,TODO,black
input: supply_systems.xls,get_supply_systems,unit,TODO,TODO,TODO,TODO,black
input: supply_systems.xls,get_supply_systems,unit ,TODO,TODO,TODO,TODO,black
input: supply_systems.xls,get_supply_systems,value,TODO,TODO,TODO,TODO,black
input: system_controls.xlsx,get_archetypes_system_controls,cooling-season-end,Last day of the cooling season,[-],mm-dd,date,black
input: system_controls.xlsx,get_archetypes_system_controls,cooling-season-start,Day on which the cooling season starts,[-],mm-dd,date,black
input: system_controls.xlsx,get_archetypes_system_controls,has-cooling-season,Defines whether the scenario has a cooling season.,[-],"{TRUE, FALSE}",Boolean,black
input: system_controls.xlsx,get_archetypes_system_controls,has-heating-season,Defines whether the scenario has a heating season.,[-],"{TRUE, FALSE}",Boolean,black
input: system_controls.xlsx,get_archetypes_system_controls,heating-season-end,Last day of the heating season,[-],mm-dd,date,black
input: system_controls.xlsx,get_archetypes_system_controls,heating-season-start,Day on which the heating season starts,[-],mm-dd,date,black
input: thermal_networks.xls,get_thermal_networks,Cp_JkgK,Heat capacity of transmission fluid.,[J/kgK],{0.0...n},float,black
input: thermal_networks.xls,get_thermal_networks,D_ext_m,Defines the maximum pipe diameter tolerance for the nominal diameter (DN) bin.,[m],{0.0...n},float,black
input: thermal_networks.xls,get_thermal_networks,D_ins_m,Defines the pipe insulation diameter for the nominal diameter (DN) bin.,[m],{0.0...n},float,black
input: thermal_networks.xls,get_thermal_networks,D_int_m,Defines the minimum pipe diameter tolerance for the nominal diameter (DN) bin.,[m],{0.0...n},float,black
input: thermal_networks.xls,get_thermal_networks,Pipe_DN,Classifies nominal pipe diameters (DN) into typical bins. E.g. DN100 refers to pipes of approx. 100mm in diameter.,[DN#],alphanumeric,string,black
input: thermal_networks.xls,get_thermal_networks,Vdot_max_m3s,Maximum volume flow rate for the nominal diameter (DN) bin.,[m3/s],{0.0...n},float,black
input: thermal_networks.xls,get_thermal_networks,Vdot_min_m3s,Minimum volume flow rate for the nominal diameter (DN) bin.,[m3/s],{0.0...n},float,black
input: thermal_networks.xls,get_thermal_networks,lambda_WmK,Thermal conductivity,[W/mK],{0.0...n},float,black
input: thermal_networks.xls,get_thermal_networks,material,TODO,TODO,TODO,TODO,black
input: thermal_networks.xls,get_thermal_networks,rho_kgm3,Density of transmission fluid.,[kg/m3],{0.0...n},float,black
input: zone.shp,get_zone_geometry,floors_ag,TODO,TODO,TODO,TODO,black
input: zone.shp,get_zone_geometry,floors_bg,TODO,TODO,TODO,TODO,black
input: zone.shp,get_zone_geometry,geometry,TODO,TODO,TODO,TODO,black
input: zone.shp,get_zone_geometry,height_ag,Building total height above ground,[m],{0.1...n},float,black
input: zone.shp,get_zone_geometry,height_bg,Building total height below ground,[m],{1.0...n},float,black
lake-potential,get_lake_potential,hour,TODO,TODO,TODO,TODO,black
lake-potential,get_lake_potential,lake_potential,TODO,TODO,TODO,TODO,black
operation-costs,get_costs_operation_file,COAL_hs_cost_m2yr,TODO,TODO,TODO,TODO,black
operation-costs,get_costs_operation_file,COAL_hs_cost_yr,Operation costs of coal due to space heating,$USD(2015)/yr,TODO,TODO,black
operation-costs,get_costs_operation_file,COAL_ww_cost_m2yr,TODO,TODO,TODO,TODO,black
operation-costs,get_costs_operation_file,COAL_ww_cost_yr,Operation costs of coal due to hotwater,$USD(2015)/yr,TODO,TODO,grey
operation-costs,get_costs_operation_file,DC_cdata_cost_m2yr,TODO,TODO,TODO,TODO,black
operation-costs,get_costs_operation_file,DC_cdata_cost_yr,Operation costs due to space heating,$USD(2015)/yr,TODO,TODO,blue_light
operation-costs,get_costs_operation_file,DC_cre_cost_m2yr,TODO,TODO,TODO,TODO,black
operation-costs,get_costs_operation_file,DC_cre_cost_yr,Operation costs due to hotwater,$USD(2015)/yr,TODO,TODO,blue_lighter
operation-costs,get_costs_operation_file,DC_cs_cost_m2yr,TODO,TODO,TODO,TODO,black
operation-costs,get_costs_operation_file,DC_cs_cost_yr,Operation costs due to space cooling,$USD(2015)/yr,TODO,TODO,blue
operation-costs,get_costs_operation_file,DH_hs_cost_m2yr,TODO,TODO,TODO,TODO,black
operation-costs,get_costs_operation_file,DH_hs_cost_yr,Operation costs due to space heating,$USD(2015)/yr,TODO,TODO,orange
operation-costs,get_costs_operation_file,DH_ww_cost_m2yr,TODO,TODO,TODO,TODO,black
operation-costs,get_costs_operation_file,DH_ww_cost_yr,Operation costs due to hotwater,$USD(2015)/yr,TODO,TODO,orange_lighter
operation-costs,get_costs_operation_file,GRID_cost_m2yr,Electricity supply from the grid,$USD(2015)/m2.yr,TODO,TODO,green
operation-costs,get_costs_operation_file,GRID_cost_yr,Electricity supply from the grid,$USD(2015)/yr,TODO,TODO,green
operation-costs,get_costs_operation_file,NG_hs_cost_m2yr,TODO,TODO,TODO,TODO,black
operation-costs,get_costs_operation_file,NG_hs_cost_yr,Operation costs of NG due to space heating,$USD(2015)/yr,TODO,TODO,red
operation-costs,get_costs_operation_file,NG_ww_cost_m2yr,TODO,TODO,TODO,TODO,black
operation-costs,get_costs_operation_file,NG_ww_cost_yr,Operation costs of NG due to hotwater,$USD(2015)/yr,TODO,TODO,red_light
operation-costs,get_costs_operation_file,OIL_hs_cost_m2yr,TODO,TODO,TODO,TODO,black
operation-costs,get_costs_operation_file,OIL_hs_cost_yr,Operation costs of oil due to space heating,$USD(2015)/yr,TODO,TODO,yellow
operation-costs,get_costs_operation_file,OIL_ww_cost_m2yr,TODO,TODO,TODO,TODO,black
operation-costs,get_costs_operation_file,OIL_ww_cost_yr,Operation costs of oil due to hotwater,$USD(2015)/yr,TODO,TODO,yellow_light
operation-costs,get_costs_operation_file,PV_cost_m2yr,Electricity supply from PV,$USD(2015)/yr,TODO,TODO,green_light
operation-costs,get_costs_operation_file,PV_cost_yr,Electricity supply from PV,$USD(2015)/yr,TODO,TODO,green_light
operation-costs,get_costs_operation_file,SOLAR_hs_cost_m2yr,TODO,TODO,TODO,TODO,black
operation-costs,get_costs_operation_file,SOLAR_hs_cost_yr,Operation costs due to solar collectors for hotwater,$USD(2015)/yr,TODO,TODO,yellow
operation-costs,get_costs_operation_file,SOLAR_ww_cost_m2yr,TODO,TODO,TODO,TODO,black
operation-costs,get_costs_operation_file,SOLAR_ww_cost_yr,Operation costs due to solar collectors for space heating,$USD(2015)/yr,TODO,TODO,yellow_light
operation-costs,get_costs_operation_file,WOOD_hs_cost_m2yr,TODO,TODO,TODO,TODO,black
operation-costs,get_costs_operation_file,WOOD_hs_cost_yr,Operation costs of wood due to space heating,$USD(2015)/yr,TODO,TODO,brown
operation-costs,get_costs_operation_file,WOOD_ww_cost_m2yr,TODO,TODO,TODO,TODO,black
operation-costs,get_costs_operation_file,WOOD_ww_cost_yr,Operation costs of wood due to hotwater,$USD(2015)/yr,TODO,TODO,brown_light
photovoltaic,PV_results,Date,Date and time in hourly steps.,[datetime],{yyyy-mm-dd hh:mm:ss-Z},date,black
photovoltaic,PV_total_buildings,Area_PV_m2,TODO,TODO,TODO,TODO,black
photovoltaic,PV_total_buildings,E_PV_gen_kWh,TODO,TODO,TODO,TODO,black
photovoltaic,PV_total_buildings,PV_roofs_top_E_kWh,Electricity production from photovoltaic panels on roof tops,kWh,TODO,TODO,yellow
photovoltaic,PV_total_buildings,PV_roofs_top_m2,TODO,TODO,TODO,TODO,black
photovoltaic,PV_total_buildings,PV_walls_east_E_kWh,Electricity production from photovoltaic panels on east facades,kWh,TODO,TODO,purple
photovoltaic,PV_total_buildings,PV_walls_east_m2,TODO,TODO,TODO,TODO,black
photovoltaic,PV_total_buildings,PV_walls_north_E_kWh,Electricity production from photovoltaic panels on north facades,kWh,TODO,TODO,orange
photovoltaic,PV_total_buildings,PV_walls_north_m2,TODO,TODO,TODO,TODO,black
photovoltaic,PV_total_buildings,PV_walls_south_E_kWh,Electricity production from photovoltaic panels on south facades,kWh,TODO,TODO,red
photovoltaic,PV_total_buildings,PV_walls_south_m2,TODO,TODO,TODO,TODO,black
photovoltaic,PV_total_buildings,PV_walls_west_E_kWh,Electricity production from photovoltaic panels on west facades,kWh,TODO,TODO,brown
photovoltaic,PV_total_buildings,PV_walls_west_m2,TODO,TODO,TODO,TODO,black
photovoltaic,PV_total_buildings,radiation_kWh,Total radiative potential.,[kWh],{0.0...n},float,black
photovoltaic-thermal,PVT_results,T_PVT_re_C,TODO,TODO,TODO,TODO,black
photovoltaic-thermal,PVT_results,T_PVT_sup_C,TODO,TODO,TODO,TODO,black
photovoltaic-thermal,PVT_results,mcp_PVT_kWperC,TODO,TODO,TODO,TODO,black
photovoltaic-thermal,PVT_total_buildings,Area_PVT_m2,TODO,TODO,TODO,TODO,black
photovoltaic-thermal,PVT_total_buildings,E_PVT_gen_kWh,TODO,TODO,TODO,TODO,black
photovoltaic-thermal,PVT_total_buildings,Eaux_PVT_kWh,TODO,TODO,TODO,TODO,black
photovoltaic-thermal,PVT_total_buildings,PVT_roofs_top_E_kWh,Electricity production from photovoltaic-thermal panels on roof tops,kWh,TODO,TODO,yellow
photovoltaic-thermal,PVT_total_buildings,PVT_roofs_top_Q_kWh,Heat production from photovoltaic-thermal panels on roof tops,kWh,TODO,TODO,yellow_light
photovoltaic-thermal,PVT_total_buildings,PVT_roofs_top_m2,TODO,TODO,TODO,TODO,black
photovoltaic-thermal,PVT_total_buildings,PVT_walls_east_E_kWh,Electricity production from photovoltaic-thermal panels on east facades,kWh,TODO,TODO,purple
photovoltaic-thermal,PVT_total_buildings,PVT_walls_east_Q_kWh,Heat production from photovoltaic-thermal panels on east facades,kWh,TODO,TODO,purple_light
photovoltaic-thermal,PVT_total_buildings,PVT_walls_east_m2,TODO,TODO,TODO,TODO,black
photovoltaic-thermal,PVT_total_buildings,PVT_walls_north_E_kWh,Electricity production from photovoltaic-thermal panels on north facades,kWh,TODO,TODO,orange
photovoltaic-thermal,PVT_total_buildings,PVT_walls_north_Q_kWh,Heat production from photovoltaic-thermal panels on north facades,kWh,TODO,TODO,orange_light
photovoltaic-thermal,PVT_total_buildings,PVT_walls_north_m2,TODO,TODO,TODO,TODO,black
photovoltaic-thermal,PVT_total_buildings,PVT_walls_south_E_kWh,Electricity production from photovoltaic-thermal panels on south facades,kWh,TODO,TODO,red
photovoltaic-thermal,PVT_total_buildings,PVT_walls_south_Q_kWh,Heat production from photovoltaic-thermal panels on south facades,kWh,TODO,TODO,red_light
photovoltaic-thermal,PVT_total_buildings,PVT_walls_south_m2,TODO,TODO,TODO,TODO,black
photovoltaic-thermal,PVT_total_buildings,PVT_walls_west_E_kWh,Electricity production from photovoltaic-thermal panels on west facades,kWh,TODO,TODO,brown
photovoltaic-thermal,PVT_total_buildings,PVT_walls_west_Q_kWh,Heat production from photovoltaic-thermal panels on west facades,kWh,TODO,TODO,brown_light
photovoltaic-thermal,PVT_total_buildings,PVT_walls_west_m2,TODO,TODO,TODO,TODO,black
photovoltaic-thermal,PVT_total_buildings,Q_PVT_gen_kWh,TODO,TODO,TODO,TODO,black
photovoltaic-thermal,PVT_total_buildings,Q_PVT_l_kWh,TODO,TODO,TODO,TODO,black
radiation-daysim,get_radiation_building,srf0,TODO,TODO,TODO,TODO,black
sewage-potential,get_sewage_heat_potential,Qsw_kW,TODO,TODO,TODO,TODO,black
sewage-potential,get_sewage_heat_potential,tin_HP_C,TODO,TODO,TODO,TODO,black
sewage-potential,get_sewage_heat_potential,tin_sw_C,TODO,TODO,TODO,TODO,black
sewage-potential,get_sewage_heat_potential,tout_HP_C,TODO,TODO,TODO,TODO,black
sewage-potential,get_sewage_heat_potential,tout_sw_C,TODO,TODO,TODO,TODO,black
sewage-potential,get_sewage_heat_potential,ts_C,TODO,TODO,TODO,TODO,black
solar-collector,SC_metadata_results,AREA_m2,Surface area.,[m2],{0.0...n},float,black
solar-collector,SC_metadata_results,BUILDING,Unique building ID. It must start with a letter.,[-],alphanumeric,string,black
solar-collector,SC_metadata_results,B_deg,Tilt angle of the installed solar panels,[deg],{0.0...n},float,black
solar-collector,SC_metadata_results,CATB,Category according to the tilt angle of the panel,[-],{0...n},int,black
solar-collector,SC_metadata_results,CATGB,Category according to the annual radiation on the panel surface,[-],{0...n},int,black
solar-collector,SC_metadata_results,CATteta_z,Category according to the surface azimuth of the panel,[-],{0...n},int,black
solar-collector,SC_metadata_results,SURFACE,Unique surface ID for each building exterior surface.,[-],{srf0...srfn},string,black
solar-collector,SC_metadata_results,TYPE,Surface typology.,[-],"{walls, windows, roofs}",string,black
solar-collector,SC_metadata_results,Xcoor,Describes the position of the x vector.,[-],{0.0...n},float,black
solar-collector,SC_metadata_results,Xdir,Directional scalar of the x vector.,[-],{-1...1},float,black
solar-collector,SC_metadata_results,Ycoor,Describes the position of the y vector.,[-],{0.0...n},float,black
solar-collector,SC_metadata_results,Ydir,Directional scalar of the y vector.,[-],{-1...1},float,black
solar-collector,SC_metadata_results,Zcoor,Describes the position of the z vector.,[-],{0.0...n},float,black
solar-collector,SC_metadata_results,Zdir,Directional scalar of the z vector.,[-],{-1...1},float,black
solar-collector,SC_metadata_results,area_installed_module_m2,The area of the building surface covered by one solar panel,[m2],{0.0...n},float,black
solar-collector,SC_metadata_results,array_spacing_m,Spacing between solar arrays.,[m],{0.0...n},float,black
solar-collector,SC_metadata_results,orientation,"Orientation of the surface (north, east, south, west or top)",[-],{north...},string,black
solar-collector,SC_metadata_results,surface,Unique surface ID for each building exterior surface.,[-],{srf0...srfn},string,black
solar-collector,SC_metadata_results,surface_azimuth_deg,"Azimuth angle of the panel surface, e.g. south facing = 180 deg (N,E)",[deg],{0.0...n},float,black
solar-collector,SC_metadata_results,tilt_deg,Tilt angle of roof or walls,[deg],{0.0...n},float,black
solar-collector,SC_metadata_results,total_rad_Whm2,Total radiative potential of a given surfaces area.,[Wh/m2],{0.0...n},float,black
solar-collector,SC_metadata_results,type_orientation,Concatenated surface type and orientation.,[-],{type_orientation},string,black
solar-collector,SC_total_buildings,Area_SC_m2,Total area of investigated collector.,[m2],{0.0...n},float,black
solar-collector,SC_total_buildings,Eaux_SC_kWh,Auxiliary electricity consumed by the collector.,[kWh],{0.0...n},float,black
solar-collector,SC_total_buildings,Q_SC_gen_kWh,Total heat generated by the collector.,[kWh],{0.0...n},float,black
solar-collector,SC_total_buildings,Q_SC_l_kWh,Collector heat loss.,[kWh],{0.0...n},float,black
solar-collector,SC_total_buildings,SC_roofs_top_Q_kWh,Heat production from photovoltaic-thermal panels on roof tops,[kWh],{0.0...n},float,black
solar-collector,SC_total_buildings,SC_roofs_top_m2,Collector surface area on roof tops.,[kWh],{0.0...n},float,black
solar-collector,SC_total_buildings,SC_walls_east_Q_kWh,Heat production from photovoltaic-thermal panels on east facades,[kWh],{0.0...n},float,black
solar-collector,SC_total_buildings,SC_walls_east_m2,Collector surface area on east facades.,[kWh],{0.0...n},float,black
solar-collector,SC_total_buildings,SC_walls_north_Q_kWh,Heat production from photovoltaic-thermal panels on north facades,[kWh],{0.0...n},float,black
solar-collector,SC_total_buildings,SC_walls_north_m2,Collector surface area on north facades.,[kWh],{0.0...n},float,black
solar-collector,SC_total_buildings,SC_walls_south_Q_kWh,Heat production from photovoltaic-thermal panels on south facades,[kWh],{0.0...n},float,black
solar-collector,SC_total_buildings,SC_walls_south_m2,Collector surface area on south facades.,[kWh],{0.0...n},float,black
solar-collector,SC_total_buildings,SC_walls_west_Q_kWh,Heat production from photovoltaic-thermal panels on west facades,[kWh],{0.0...n},float,black
solar-collector,SC_total_buildings,SC_walls_west_m2,West facing wall collector surface area.,[kWh],{0.0...n},float,black
solar-collector,SC_totals,T_SC_re_C,Collector heating supply temperature.,[C],{0.0...n},float,black
solar-collector,SC_totals,T_SC_sup_C,Collector heating supply temperature.,[C],{0.0...n},float,black
solar-collector,SC_totals,mcp_SC_kWperC,Capacity flow rate (mass flow* specific heat capacity) of the hot water delivered by the collector.,[kW/Cap],{0.0...n},float,black
thermal-network,get_network_layout_edges_shapefile,Type_mat,TODO,TODO,TODO,TODO,black
thermal-network,get_network_layout_edges_shapefile,weight,TODO,TODO,TODO,TODO,black
thermal-network,get_network_node_types_csv_file,Building,TODO,TODO,TODO,TODO,black
thermal-network,get_network_node_types_csv_file,Q_hex_h_ahu,TODO,TODO,TODO,TODO,black
thermal-network,get_network_node_types_csv_file,Q_hex_h_aru,TODO,TODO,TODO,TODO,black
thermal-network,get_network_node_types_csv_file,Q_hex_h_shu,TODO,TODO,TODO,TODO,black
thermal-network,get_network_node_types_csv_file,Q_hex_h_ww,TODO,TODO,TODO,TODO,black
thermal-network,get_network_node_types_csv_file,Q_hex_plant_kW,TODO,TODO,TODO,TODO,black
thermal-network,get_network_node_types_csv_file,Type,TODO,TODO,TODO,TODO,black
thermal-network,get_network_node_types_csv_file,coordinates,TODO,TODO,TODO,TODO,black
thermal-network,get_optimization_network_edge_list_file,Pipe_DN_x,TODO,TODO,TODO,TODO,black
thermal-network,get_optimization_network_edge_list_file,Pipe_DN_y,TODO,TODO,TODO,TODO,black
thermal-network,get_optimization_network_edge_list_file,end node,TODO,TODO,TODO,TODO,black
thermal-network,get_optimization_network_edge_list_file,mdot_max_kgs,TODO,TODO,TODO,TODO,black
thermal-network,get_optimization_network_edge_list_file,mdot_min_kgs,TODO,TODO,TODO,TODO,black
thermal-network,get_optimization_network_edge_list_file,pipe length,TODO,TODO,TODO,TODO,black
thermal-network,get_optimization_network_edge_list_file,start node,TODO,TODO,TODO,TODO,black
thermal-network,get_optimization_network_edge_node_matrix_file,PIPE0,TODO,TODO,TODO,TODO,black
thermal-network,get_optimization_network_edge_node_matrix_file,Unnamed: 0,TODO,TODO,TODO,TODO,black
thermal-network,get_optimization_network_layout_plant_heat_requirement_file,NONE,TODO,TODO,TODO,TODO,black
thermal-network,get_optimization_network_layout_pressure_drop_file,pressure_loss_return_Pa,TODO,TODO,TODO,TODO,black
thermal-network,get_optimization_network_layout_pressure_drop_file,pressure_loss_substations_Pa,TODO,TODO,TODO,TODO,black
thermal-network,get_optimization_network_layout_pressure_drop_file,pressure_loss_supply_Pa,TODO,TODO,TODO,TODO,black
thermal-network,get_optimization_network_layout_pressure_drop_file,pressure_loss_total_Pa,TODO,TODO,TODO,TODO,black
thermal-network,get_optimization_network_layout_supply_temperature_file,NODE0,TODO,TODO,TODO,TODO,black
thermal-network,get_optimization_network_substation_ploss_file,B01,TODO,TODO,TODO,TODO,black
