"PRICE TYPE","DATE","PERIOD","PRICE ($/MWh)","DEMAND (MW)"
"USEP","01 Oct 2005","1","130.32","3943.128"
"USEP","01 Oct 2005","2","122.67","3890.710"
"USEP","01 Oct 2005","3","136.14","3802.428"
"USEP","01 Oct 2005","4","121.83","3694.479"
"USEP","01 Oct 2005","5","124.63","3648.770"
"USEP","01 Oct 2005","6","122.00","3595.651"
"USEP","01 Oct 2005","7","119.87","3570.865"
"USEP","01 Oct 2005","8","118.49","3544.852"
"USEP","01 Oct 2005","9","118.46","3533.451"
"USEP","01 Oct 2005","10","118.47","3520.291"
"USEP","01 Oct 2005","11","111.04","3533.118"
"USEP","01 Oct 2005","12","126.17","3575.150"
"USEP","01 Oct 2005","13","126.20","3623.562"
"USEP","01 Oct 2005","14","126.27","3644.630"
"USEP","01 Oct 2005","15","129.36","3710.274"
"USEP","01 Oct 2005","16","146.50","3938.327"
"USEP","01 Oct 2005","17","131.41","4196.082"
"USEP","01 Oct 2005","18","158.01","4354.441"
"USEP","01 Oct 2005","19","182.98","4445.874"
"USEP","01 Oct 2005","20","322.92","4526.075"
"USEP","01 Oct 2005","21","405.73","4618.258"
"USEP","01 Oct 2005","22","405.22","4647.233"
"USEP","01 Oct 2005","23","147.30","4646.846"
"USEP","01 Oct 2005","24","144.66","4632.154"
"USEP","01 Oct 2005","25","253.55","4605.028"
"USEP","01 Oct 2005","26","253.37","4544.886"
"USEP","01 Oct 2005","27","145.75","4469.034"
"USEP","01 Oct 2005","28","139.96","4445.491"
"USEP","01 Oct 2005","29","136.58","4428.484"
"USEP","01 Oct 2005","30","132.37","4411.859"
"USEP","01 Oct 2005","31","129.51","4371.289"
"USEP","01 Oct 2005","32","130.52","4333.070"
"USEP","01 Oct 2005","33","130.65","4285.397"
"USEP","01 Oct 2005","34","124.29","4253.614"
"USEP","01 Oct 2005","35","129.28","4205.843"
"USEP","01 Oct 2005","36","123.15","4127.138"
"USEP","01 Oct 2005","37","123.16","4148.469"
"USEP","01 Oct 2005","38","121.66","4230.573"
"USEP","01 Oct 2005","39","123.35","4284.781"
"USEP","01 Oct 2005","40","121.33","4268.445"
"USEP","01 Oct 2005","41","126.38","4267.043"
"USEP","01 Oct 2005","42","148.66","4252.347"
"USEP","01 Oct 2005","43","130.64","4225.762"
"USEP","01 Oct 2005","44","126.21","4171.719"
"USEP","01 Oct 2005","45","124.02","4102.536"
"USEP","01 Oct 2005","46","121.79","4058.885"
"USEP","01 Oct 2005","47","129.24","3956.165"
"USEP","01 Oct 2005","48","167.94","3936.946"
"USEP","02 Oct 2005","1","196.77","3883.916"
"USEP","02 Oct 2005","2","144.84","3773.855"
"USEP","02 Oct 2005","3","129.72","3675.767"
"USEP","02 Oct 2005","4","126.22","3605.770"
"USEP","02 Oct 2005","5","121.14","3526.414"
"USEP","02 Oct 2005","6","122.43","3509.635"
"USEP","02 Oct 2005","7","121.63","3484.904"
"USEP","02 Oct 2005","8","121.12","3452.540"
"USEP","02 Oct 2005","9","116.24","3425.135"
"USEP","02 Oct 2005","10","114.11","3420.334"
"USEP","02 Oct 2005","11","114.11","3420.935"
"USEP","02 Oct 2005","12","119.45","3436.074"
"USEP","02 Oct 2005","13","119.45","3436.333"
"USEP","02 Oct 2005","14","105.96","3399.728"
"USEP","02 Oct 2005","15","105.89","3408.535"
"USEP","02 Oct 2005","16","108.99","3527.547"
"USEP","02 Oct 2005","17","122.13","3666.558"
"USEP","02 Oct 2005","18","124.24","3742.654"
"USEP","02 Oct 2005","19","126.28","3809.092"
"USEP","02 Oct 2005","20","131.38","3895.710"
"USEP","02 Oct 2005","21","138.85","3974.673"
"USEP","02 Oct 2005","22","142.08","4010.492"
"USEP","02 Oct 2005","23","130.61","4002.873"
"USEP","02 Oct 2005","24","130.68","3991.596"
"USEP","02 Oct 2005","25","130.37","3984.583"
"USEP","02 Oct 2005","26","136.77","3940.166"
"USEP","02 Oct 2005","27","364.64","3909.004"
"USEP","02 Oct 2005","28","364.65","3914.635"
"USEP","02 Oct 2005","29","189.69","3900.794"
"USEP","02 Oct 2005","30","188.46","3900.575"
"USEP","02 Oct 2005","31","197.08","3886.187"
"USEP","02 Oct 2005","32","178.24","3886.118"
"USEP","02 Oct 2005","33","186.03","3895.322"
"USEP","02 Oct 2005","34","210.90","3926.409"
"USEP","02 Oct 2005","35","212.37","3944.112"
"USEP","02 Oct 2005","36","149.25","3947.790"
"USEP","02 Oct 2005","37","152.50","3969.688"
"USEP","02 Oct 2005","38","167.91","4054.218"
"USEP","02 Oct 2005","39","346.45","4126.571"
"USEP","02 Oct 2005","40","329.92","4136.218"
"USEP","02 Oct 2005","41","358.66","4227.626"
"USEP","02 Oct 2005","42","359.44","4260.130"
"USEP","02 Oct 2005","43","358.58","4239.186"
"USEP","02 Oct 2005","44","356.48","4151.024"
"USEP","02 Oct 2005","45","309.68","4073.039"
"USEP","02 Oct 2005","46","134.34","4015.864"
"USEP","02 Oct 2005","47","131.31","3954.331"
"USEP","02 Oct 2005","48","122.59","3894.745"
"USEP","03 Oct 2005","1","126.21","3828.187"
"USEP","03 Oct 2005","2","189.37","3751.565"
"USEP","03 Oct 2005","3","127.32","3606.724"
"USEP","03 Oct 2005","4","125.74","3537.517"
"USEP","03 Oct 2005","5","122.73","3507.881"
"USEP","03 Oct 2005","6","126.19","3505.147"
"USEP","03 Oct 2005","7","122.78","3474.423"
"USEP","03 Oct 2005","8","122.76","3456.222"
"USEP","03 Oct 2005","9","120.42","3446.034"
"USEP","03 Oct 2005","10","119.67","3456.541"
"USEP","03 Oct 2005","11","120.13","3513.591"
"USEP","03 Oct 2005","12","120.22","3611.162"
"USEP","03 Oct 2005","13","126.25","3742.480"
"USEP","03 Oct 2005","14","126.27","3807.621"
"USEP","03 Oct 2005","15","106.83","3999.195"
"USEP","03 Oct 2005","16","129.22","4345.336"
"USEP","03 Oct 2005","17","162.62","4616.449"
"USEP","03 Oct 2005","18","121.19","4861.430"
"USEP","03 Oct 2005","19","126.33","4960.875"
"USEP","03 Oct 2005","20","126.38","4999.944"
"USEP","03 Oct 2005","21","134.53","5094.961"
"USEP","03 Oct 2005","22","145.07","5138.344"
"USEP","03 Oct 2005","23","144.76","5148.130"
"USEP","03 Oct 2005","24","141.70","5134.328"
"USEP","03 Oct 2005","25","140.66","5127.286"
"USEP","03 Oct 2005","26","140.65","5133.076"
"USEP","03 Oct 2005","27","150.48","5167.279"
"USEP","03 Oct 2005","28","156.80","5203.973"
"USEP","03 Oct 2005","29","166.96","5215.647"
"USEP","03 Oct 2005","30","162.98","5212.794"
"USEP","03 Oct 2005","31","157.79","5199.564"
"USEP","03 Oct 2005","32","147.68","5137.275"
"USEP","03 Oct 2005","33","146.67","5113.290"
"USEP","03 Oct 2005","34","146.67","5116.073"
"USEP","03 Oct 2005","35","127.51","5042.492"
"USEP","03 Oct 2005","36","121.37","4925.335"
"USEP","03 Oct 2005","37","121.16","4810.523"
"USEP","03 Oct 2005","38","124.22","4818.852"
"USEP","03 Oct 2005","39","126.26","4833.872"
"USEP","03 Oct 2005","40","124.22","4810.562"
"USEP","03 Oct 2005","41","148.21","4775.047"
"USEP","03 Oct 2005","42","148.89","4718.309"
"USEP","03 Oct 2005","43","157.74","4648.267"
"USEP","03 Oct 2005","44","148.58","4557.301"
"USEP","03 Oct 2005","45","143.72","4417.987"
"USEP","03 Oct 2005","46","143.49","4283.887"
"USEP","03 Oct 2005","47","148.65","4172.255"
"USEP","03 Oct 2005","48","153.49","4101.110"
"USEP","04 Oct 2005","1","241.72","3998.161"
"USEP","04 Oct 2005","2","313.35","3906.549"
"USEP","04 Oct 2005","3","189.38","3753.980"
"USEP","04 Oct 2005","4","158.97","3702.387"
"USEP","04 Oct 2005","5","150.25","3660.658"
"USEP","04 Oct 2005","6","145.18","3636.589"
"USEP","04 Oct 2005","7","146.40","3609.139"
"USEP","04 Oct 2005","8","141.44","3590.984"
"USEP","04 Oct 2005","9","134.05","3575.970"
"USEP","04 Oct 2005","10","134.26","3581.258"
"USEP","04 Oct 2005","11","146.40","3612.932"
"USEP","04 Oct 2005","12","159.36","3706.412"
"USEP","04 Oct 2005","13","231.61","3813.531"
"USEP","04 Oct 2005","14","230.76","3881.495"
"USEP","04 Oct 2005","15","124.28","4041.773"
"USEP","04 Oct 2005","16","121.18","4349.282"
"USEP","04 Oct 2005","17","162.06","4652.790"
"USEP","04 Oct 2005","18","121.18","4801.905"
"USEP","04 Oct 2005","19","127.25","4910.937"
"USEP","04 Oct 2005","20","127.27","4992.151"
"USEP","04 Oct 2005","21","127.48","5063.267"
"USEP","04 Oct 2005","22","127.48","5105.800"
"USEP","04 Oct 2005","23","127.50","5118.096"
"USEP","04 Oct 2005","24","136.61","5095.607"
"USEP","04 Oct 2005","25","134.53","5062.114"
"USEP","04 Oct 2005","26","137.52","5115.328"
"USEP","04 Oct 2005","27","141.61","5141.033"
"USEP","04 Oct 2005","28","141.60","5154.591"
"USEP","04 Oct 2005","29","146.66","5187.646"
"USEP","04 Oct 2005","30","147.94","5197.974"
"USEP","04 Oct 2005","31","149.76","5201.632"
"USEP","04 Oct 2005","32","150.15","5205.424"
"USEP","04 Oct 2005","33","147.57","5182.308"
"USEP","04 Oct 2005","34","141.61","5143.334"
"USEP","04 Oct 2005","35","137.52","5048.650"
"USEP","04 Oct 2005","36","132.28","4906.737"
"USEP","04 Oct 2005","37","121.19","4806.020"
"USEP","04 Oct 2005","38","130.25","4833.479"
"USEP","04 Oct 2005","39","136.42","4837.808"
"USEP","04 Oct 2005","40","140.56","4788.217"
"USEP","04 Oct 2005","41","354.32","4753.984"
"USEP","04 Oct 2005","42","379.78","4703.007"
"USEP","04 Oct 2005","43","676.13","4629.331"
"USEP","04 Oct 2005","44","413.71","4526.224"
"USEP","04 Oct 2005","45","186.42","4414.498"
"USEP","04 Oct 2005","46","147.25","4297.614"
"USEP","04 Oct 2005","47","153.19","4201.961"
"USEP","04 Oct 2005","48","148.06","4109.579"
"USEP","05 Oct 2005","1","312.96","4013.017"
"USEP","05 Oct 2005","2","315.39","3940.370"
"USEP","05 Oct 2005","3","275.76","3826.721"
"USEP","05 Oct 2005","4","199.88","3773.999"
"USEP","05 Oct 2005","5","179.30","3736.844"
"USEP","05 Oct 2005","6","165.07","3696.711"
"USEP","05 Oct 2005","7","154.83","3660.206"
"USEP","05 Oct 2005","8","150.71","3640.212"
"USEP","05 Oct 2005","9","149.06","3603.116"
"USEP","05 Oct 2005","10","137.31","3589.751"
"USEP","05 Oct 2005","11","149.08","3633.676"
"USEP","05 Oct 2005","12","150.75","3729.061"
"USEP","05 Oct 2005","13","175.77","3849.359"
"USEP","05 Oct 2005","14","227.74","3907.841"
"USEP","05 Oct 2005","15","131.06","4020.814"
"USEP","05 Oct 2005","16","131.28","4317.812"
"USEP","05 Oct 2005","17","163.23","4623.407"
"USEP","05 Oct 2005","18","124.21","4709.935"
"USEP","05 Oct 2005","19","134.32","4882.528"
"USEP","05 Oct 2005","20","139.53","4970.114"
"USEP","05 Oct 2005","21","301.14","5034.943"
"USEP","05 Oct 2005","22","301.92","5069.057"
"USEP","05 Oct 2005","23","301.40","5027.771"
"USEP","05 Oct 2005","24","131.42","5002.131"
"USEP","05 Oct 2005","25","128.26","4961.765"
"USEP","05 Oct 2005","26","132.33","4992.072"
"USEP","05 Oct 2005","27","136.53","5045.092"
"USEP","05 Oct 2005","28","137.54","5055.852"
"USEP","05 Oct 2005","29","136.53","5058.352"
"USEP","05 Oct 2005","30","136.53","5062.686"
"USEP","05 Oct 2005","31","136.53","5073.669"
"USEP","05 Oct 2005","32","136.54","5076.741"
"USEP","05 Oct 2005","33","136.53","5050.986"
"USEP","05 Oct 2005","34","136.24","5034.426"
"USEP","05 Oct 2005","35","131.27","4926.552"
"USEP","05 Oct 2005","36","121.34","4807.327"
"USEP","05 Oct 2005","37","112.68","4724.209"
"USEP","05 Oct 2005","38","119.03","4763.685"
"USEP","05 Oct 2005","39","123.87","4776.518"
"USEP","05 Oct 2005","40","116.98","4745.783"
"USEP","05 Oct 2005","41","148.59","4701.933"
"USEP","05 Oct 2005","42","323.50","4660.563"
"USEP","05 Oct 2005","43","325.94","4585.267"
"USEP","05 Oct 2005","44","193.25","4477.597"
"USEP","05 Oct 2005","45","152.14","4362.785"
"USEP","05 Oct 2005","46","146.74","4269.787"
"USEP","05 Oct 2005","47","134.44","4144.756"
"USEP","05 Oct 2005","48","114.53","4040.307"
"USEP","06 Oct 2005","1","121.50","3937.746"
"USEP","06 Oct 2005","2","195.79","3858.773"
"USEP","06 Oct 2005","3","208.30","3776.976"
"USEP","06 Oct 2005","4","164.37","3705.856"
"USEP","06 Oct 2005","5","164.04","3679.286"
"USEP","06 Oct 2005","6","162.93","3643.596"
"USEP","06 Oct 2005","7","158.41","3602.977"
"USEP","06 Oct 2005","8","156.28","3576.154"
"USEP","06 Oct 2005","9","151.30","3562.397"
"USEP","06 Oct 2005","10","149.23","3555.285"
"USEP","06 Oct 2005","11","153.89","3605.119"
"USEP","06 Oct 2005","12","162.99","3715.368"
"USEP","06 Oct 2005","13","179.27","3823.739"
"USEP","06 Oct 2005","14","164.19","3872.043"
"USEP","06 Oct 2005","15","114.97","4025.591"
"USEP","06 Oct 2005","16","138.36","4349.510"
"USEP","06 Oct 2005","17","162.80","4647.869"
"USEP","06 Oct 2005","18","122.40","4759.565"
"USEP","06 Oct 2005","19","136.35","4910.395"
"USEP","06 Oct 2005","20","133.28","4982.286"
"USEP","06 Oct 2005","21","142.60","5073.843"
"USEP","06 Oct 2005","22","153.82","5118.086"
"USEP","06 Oct 2005","23","153.86","5132.832"
"USEP","06 Oct 2005","24","155.84","5078.903"
"USEP","06 Oct 2005","25","152.67","5042.930"
"USEP","06 Oct 2005","26","150.48","5041.146"
"USEP","06 Oct 2005","27","154.84","5089.857"
"USEP","06 Oct 2005","28","165.90","5126.013"
"USEP","06 Oct 2005","29","252.27","5140.501"
"USEP","06 Oct 2005","30","210.02","5132.708"
"USEP","06 Oct 2005","31","154.85","5131.093"
"USEP","06 Oct 2005","32","154.85","5131.744"
"USEP","06 Oct 2005","33","154.86","5122.495"
"USEP","06 Oct 2005","34","312.32","5105.711"
"USEP","06 Oct 2005","35","158.81","5050.852"
"USEP","06 Oct 2005","36","138.36","4922.417"
"USEP","06 Oct 2005","37","132.28","4834.254"
"USEP","06 Oct 2005","38","138.42","4866.207"
"USEP","06 Oct 2005","39","138.42","4868.045"
"USEP","06 Oct 2005","40","132.07","4823.236"
"USEP","06 Oct 2005","41","320.17","4784.142"
"USEP","06 Oct 2005","42","454.93","4749.084"
"USEP","06 Oct 2005","43","676.59","4669.047"
"USEP","06 Oct 2005","44","458.94","4568.658"
"USEP","06 Oct 2005","45","320.28","4440.536"
"USEP","06 Oct 2005","46","169.05","4325.272"
"USEP","06 Oct 2005","47","153.63","4229.092"
"USEP","06 Oct 2005","48","148.34","4120.572"
"USEP","07 Oct 2005","1","139.43","4023.961"
"USEP","07 Oct 2005","2","308.01","3939.187"
"USEP","07 Oct 2005","3","308.85","3860.199"
"USEP","07 Oct 2005","4","307.50","3801.304"
"USEP","07 Oct 2005","5","307.47","3764.099"
"USEP","07 Oct 2005","6","234.97","3732.490"
"USEP","07 Oct 2005","7","193.08","3698.599"
"USEP","07 Oct 2005","8","173.76","3659.759"
"USEP","07 Oct 2005","9","168.19","3648.676"
"USEP","07 Oct 2005","10","179.29","3662.825"
"USEP","07 Oct 2005","11","217.77","3727.222"
"USEP","07 Oct 2005","12","471.16","3832.516"
"USEP","07 Oct 2005","13","524.35","3942.154"
"USEP","07 Oct 2005","14","473.49","3995.274"
"USEP","07 Oct 2005","15","311.06","4108.366"
"USEP","07 Oct 2005","16","161.55","4398.559"
"USEP","07 Oct 2005","17","212.41","4692.266"
"USEP","07 Oct 2005","18","324.03","4884.188"
"USEP","07 Oct 2005","19","423.08","4976.555"
"USEP","07 Oct 2005","20","378.78","5044.282"
"USEP","07 Oct 2005","21","451.59","5108.787"
"USEP","07 Oct 2005","22","682.76","5152.150"
"USEP","07 Oct 2005","23","500.38","5149.248"
"USEP","07 Oct 2005","24","221.98","5126.908"
"USEP","07 Oct 2005","25","397.99","5113.454"
"USEP","07 Oct 2005","26","452.04","5136.366"
"USEP","07 Oct 2005","27","563.28","5180.962"
"USEP","07 Oct 2005","28","453.87","5199.788"
"USEP","07 Oct 2005","29","452.39","5225.945"
"USEP","07 Oct 2005","30","201.10","5235.423"
"USEP","07 Oct 2005","31","126.44","5245.432"
"USEP","07 Oct 2005","32","125.89","5204.142"
"USEP","07 Oct 2005","33","125.48","5151.773"
"USEP","07 Oct 2005","34","131.50","5110.427"
"USEP","07 Oct 2005","35","125.99","5054.281"
"USEP","07 Oct 2005","36","122.37","4937.775"
"USEP","07 Oct 2005","37","130.51","4853.150"
"USEP","07 Oct 2005","38","141.59","4879.884"
"USEP","07 Oct 2005","39","141.44","4868.364"
"USEP","07 Oct 2005","40","138.33","4808.788"
"USEP","07 Oct 2005","41","149.72","4746.062"
"USEP","07 Oct 2005","42","154.40","4687.928"
"USEP","07 Oct 2005","43","165.59","4594.139"
"USEP","07 Oct 2005","44","170.76","4485.336"
"USEP","07 Oct 2005","45","148.96","4352.890"
"USEP","07 Oct 2005","46","147.28","4272.555"
"USEP","07 Oct 2005","47","163.48","4193.254"
"USEP","07 Oct 2005","48","160.87","4107.839"
"USEP","08 Oct 2005","1","216.27","4011.695"
"USEP","08 Oct 2005","2","180.68","3942.502"
"USEP","08 Oct 2005","3","365.38","3884.199"
"USEP","08 Oct 2005","4","194.63","3808.526"
"USEP","08 Oct 2005","5","167.76","3752.325"
"USEP","08 Oct 2005","6","162.49","3705.016"
"USEP","08 Oct 2005","7","162.17","3672.562"
"USEP","08 Oct 2005","8","158.15","3649.163"
"USEP","08 Oct 2005","9","154.61","3637.712"
"USEP","08 Oct 2005","10","154.62","3641.743"
"USEP","08 Oct 2005","11","155.16","3663.849"
"USEP","08 Oct 2005","12","162.20","3711.531"
"USEP","08 Oct 2005","13","162.22","3759.740"
"USEP","08 Oct 2005","14","161.03","3781.638"
"USEP","08 Oct 2005","15","160.66","3818.645"
"USEP","08 Oct 2005","16","201.03","3999.041"
"USEP","08 Oct 2005","17","163.81","4224.927"
"USEP","08 Oct 2005","18","169.51","4415.482"
"USEP","08 Oct 2005","19","361.36","4582.902"
"USEP","08 Oct 2005","20","614.58","4677.376"
"USEP","08 Oct 2005","21","617.33","4745.336"
"USEP","08 Oct 2005","22","617.83","4765.226"
"USEP","08 Oct 2005","23","617.55","4743.403"
"USEP","08 Oct 2005","24","374.75","4614.565"
"USEP","08 Oct 2005","25","277.42","4555.472"
"USEP","08 Oct 2005","26","201.31","4505.007"
"USEP","08 Oct 2005","27","407.79","4433.414"
"USEP","08 Oct 2005","28","632.91","4426.913"
"USEP","08 Oct 2005","29","423.51","4392.958"
"USEP","08 Oct 2005","30","246.50","4358.382"
"USEP","08 Oct 2005","31","207.95","4335.401"
"USEP","08 Oct 2005","32","182.58","4295.715"
"USEP","08 Oct 2005","33","157.75","4240.459"
"USEP","08 Oct 2005","34","150.96","4189.138"
"USEP","08 Oct 2005","35","145.60","4145.477"
"USEP","08 Oct 2005","36","145.62","4130.075"
"USEP","08 Oct 2005","37","145.57","4157.316"
"USEP","08 Oct 2005","38","169.70","4259.777"
"USEP","08 Oct 2005","39","247.16","4344.183"
"USEP","08 Oct 2005","40","227.97","4335.420"
"USEP","08 Oct 2005","41","191.44","4327.613"
"USEP","08 Oct 2005","42","182.71","4310.411"
"USEP","08 Oct 2005","43","182.05","4292.519"
"USEP","08 Oct 2005","44","162.74","4231.846"
"USEP","08 Oct 2005","45","150.74","4161.515"
"USEP","08 Oct 2005","46","145.79","4093.163"
"USEP","08 Oct 2005","47","195.60","4042.151"
"USEP","08 Oct 2005","48","196.82","3977.735"
"USEP","09 Oct 2005","1","369.45","3895.546"
"USEP","09 Oct 2005","2","288.97","3813.347"
"USEP","09 Oct 2005","3","151.48","3755.292"
"USEP","09 Oct 2005","4","156.75","3694.579"
"USEP","09 Oct 2005","5","150.51","3649.585"
"USEP","09 Oct 2005","6","149.91","3612.499"
"USEP","09 Oct 2005","7","143.71","3576.665"
"USEP","09 Oct 2005","8","143.70","3549.012"
"USEP","09 Oct 2005","9","141.31","3520.152"
"USEP","09 Oct 2005","10","137.55","3515.897"
"USEP","09 Oct 2005","11","138.50","3523.079"
"USEP","09 Oct 2005","12","141.33","3551.463"
"USEP","09 Oct 2005","13","141.36","3568.067"
"USEP","09 Oct 2005","14","131.21","3527.264"
"USEP","09 Oct 2005","15","128.46","3527.517"
"USEP","09 Oct 2005","16","128.40","3598.136"
"USEP","09 Oct 2005","17","132.58","3683.217"
"USEP","09 Oct 2005","18","132.18","3770.774"
"USEP","09 Oct 2005","19","142.89","3847.670"
"USEP","09 Oct 2005","20","145.16","3932.532"
"USEP","09 Oct 2005","21","160.09","3999.304"
"USEP","09 Oct 2005","22","145.58","4010.218"
"USEP","09 Oct 2005","23","105.92","3986.114"
"USEP","09 Oct 2005","24","101.96","3956.821"
"USEP","09 Oct 2005","25","97.87","3935.430"
"USEP","09 Oct 2005","26","102.13","3965.379"
"USEP","09 Oct 2005","27","107.17","3992.828"
"USEP","09 Oct 2005","28","108.44","4011.068"
"USEP","09 Oct 2005","29","106.56","4031.525"
"USEP","09 Oct 2005","30","107.09","4056.524"
"USEP","09 Oct 2005","31","131.43","4077.935"
"USEP","09 Oct 2005","32","148.59","4055.013"
"USEP","09 Oct 2005","33","153.35","4010.189"
"USEP","09 Oct 2005","34","147.87","4000.219"
"USEP","09 Oct 2005","35","147.42","4001.695"
"USEP","09 Oct 2005","36","143.87","4000.224"
"USEP","09 Oct 2005","37","148.55","4035.888"
"USEP","09 Oct 2005","38","121.56","4161.386"
"USEP","09 Oct 2005","39","129.05","4247.869"
"USEP","09 Oct 2005","40","135.79","4285.487"
"USEP","09 Oct 2005","41","145.90","4287.614"
"USEP","09 Oct 2005","42","140.86","4297.450"
"USEP","09 Oct 2005","43","140.96","4307.320"
"USEP","09 Oct 2005","44","129.41","4264.598"
"USEP","09 Oct 2005","45","133.54","4192.265"
"USEP","09 Oct 2005","46","129.34","4112.998"
"USEP","09 Oct 2005","47","133.36","4031.376"
"USEP","09 Oct 2005","48","121.38","3942.522"
"USEP","10 Oct 2005","1","107.38","3842.938"
"USEP","10 Oct 2005","2","109.20","3768.353"
"USEP","10 Oct 2005","3","106.09","3716.983"
"USEP","10 Oct 2005","4","105.98","3667.915"
"USEP","10 Oct 2005","5","102.99","3619.661"
"USEP","10 Oct 2005","6","112.05","3588.603"
"USEP","10 Oct 2005","7","97.08","3545.429"
"USEP","10 Oct 2005","8","97.09","3529.063"
"USEP","10 Oct 2005","9","97.09","3533.024"
"USEP","10 Oct 2005","10","97.10","3560.165"
"USEP","10 Oct 2005","11","112.06","3607.524"
"USEP","10 Oct 2005","12","115.15","3718.196"
"USEP","10 Oct 2005","13","120.22","3846.810"
"USEP","10 Oct 2005","14","125.33","3924.854"
"USEP","10 Oct 2005","15","119.21","4068.477"
"USEP","10 Oct 2005","16","124.46","4384.454"
"USEP","10 Oct 2005","17","171.58","4704.050"
"USEP","10 Oct 2005","18","120.40","4919.719"
"USEP","10 Oct 2005","19","121.43","5074.847"
"USEP","10 Oct 2005","20","122.53","5187.452"
"USEP","10 Oct 2005","21","121.52","5228.157"
"USEP","10 Oct 2005","22","121.59","5255.899"
"USEP","10 Oct 2005","23","120.51","5242.540"
"USEP","10 Oct 2005","24","120.45","5184.073"
"USEP","10 Oct 2005","25","125.58","5169.491"
"USEP","10 Oct 2005","26","126.29","5174.381"
"USEP","10 Oct 2005","27","131.63","5235.989"
"USEP","10 Oct 2005","28","131.56","5281.281"
"USEP","10 Oct 2005","29","141.53","5296.246"
"USEP","10 Oct 2005","30","135.78","5299.884"
"USEP","10 Oct 2005","31","141.60","5305.366"
"USEP","10 Oct 2005","32","146.05","5318.129"
"USEP","10 Oct 2005","33","129.56","5233.390"
"USEP","10 Oct 2005","34","125.50","5214.236"
"USEP","10 Oct 2005","35","125.42","5133.622"
"USEP","10 Oct 2005","36","119.26","4981.153"
"USEP","10 Oct 2005","37","108.16","4869.964"
"USEP","10 Oct 2005","38","110.50","4892.349"
"USEP","10 Oct 2005","39","124.39","4902.587"
"USEP","10 Oct 2005","40","121.49","4869.293"
"USEP","10 Oct 2005","41","135.75","4808.450"
"USEP","10 Oct 2005","42","145.22","4745.769"
"USEP","10 Oct 2005","43","141.91","4681.044"
"USEP","10 Oct 2005","44","129.51","4593.120"
"USEP","10 Oct 2005","45","125.45","4453.677"
"USEP","10 Oct 2005","46","121.32","4343.367"
"USEP","10 Oct 2005","47","121.25","4233.038"
"USEP","10 Oct 2005","48","122.12","4131.765"
"USEP","11 Oct 2005","1","123.26","4030.894"
"USEP","11 Oct 2005","2","145.35","3967.536"
"USEP","11 Oct 2005","3","142.73","3921.658"
"USEP","11 Oct 2005","4","138.73","3886.977"
"USEP","11 Oct 2005","5","132.46","3834.330"
"USEP","11 Oct 2005","6","124.30","3778.333"
"USEP","11 Oct 2005","7","137.42","3739.299"
"USEP","11 Oct 2005","8","194.58","3718.897"
"USEP","11 Oct 2005","9","165.11","3708.112"
"USEP","11 Oct 2005","10","182.77","3733.370"
"USEP","11 Oct 2005","11","244.09","3798.839"
"USEP","11 Oct 2005","12","374.50","3904.019"
"USEP","11 Oct 2005","13","469.18","3995.458"
"USEP","11 Oct 2005","14","393.19","4035.451"
"USEP","11 Oct 2005","15","152.51","4135.378"
"USEP","11 Oct 2005","16","171.13","4431.540"
"USEP","11 Oct 2005","17","460.72","4792.009"
"USEP","11 Oct 2005","18","180.22","5025.510"
"USEP","11 Oct 2005","19","351.01","5122.022"
"USEP","11 Oct 2005","20","453.03","5188.233"
"USEP","11 Oct 2005","21","907.17","5253.777"
"USEP","11 Oct 2005","22","760.52","5293.055"
"USEP","11 Oct 2005","23","150.47","5290.376"
"USEP","11 Oct 2005","24","153.73","5250.144"
"USEP","11 Oct 2005","25","148.87","5235.055"
"USEP","11 Oct 2005","26","143.75","5260.825"
"USEP","11 Oct 2005","27","143.74","5303.895"
"USEP","11 Oct 2005","28","149.92","5346.945"
"USEP","11 Oct 2005","29","136.17","5358.947"
"USEP","11 Oct 2005","30","121.46","5343.724"
"USEP","11 Oct 2005","31","119.31","5333.799"
"USEP","11 Oct 2005","32","140.69","5328.163"
"USEP","11 Oct 2005","33","135.63","5295.714"
"USEP","11 Oct 2005","34","106.23","5189.381"
"USEP","11 Oct 2005","35","104.06","5059.087"
"USEP","11 Oct 2005","36","98.98","4913.034"
"USEP","11 Oct 2005","37","98.97","4869.233"
"USEP","11 Oct 2005","38","98.97","4913.650"
"USEP","11 Oct 2005","39","101.12","4935.712"
"USEP","11 Oct 2005","40","104.04","4888.398"
"USEP","11 Oct 2005","41","146.26","4820.478"
"USEP","11 Oct 2005","42","148.95","4768.988"
"USEP","11 Oct 2005","43","151.89","4709.294"
"USEP","11 Oct 2005","44","140.89","4618.054"
"USEP","11 Oct 2005","45","114.40","4519.057"
"USEP","11 Oct 2005","46","111.31","4416.595"
"USEP","11 Oct 2005","47","106.01","4357.184"
"USEP","11 Oct 2005","48","105.06","4235.265"
"USEP","12 Oct 2005","1","109.19","4110.349"
"USEP","12 Oct 2005","2","128.90","4018.757"
"USEP","12 Oct 2005","3","142.65","3994.623"
"USEP","12 Oct 2005","4","132.70","3941.106"
"USEP","12 Oct 2005","5","128.49","3888.528"
"USEP","12 Oct 2005","6","127.40","3840.548"
"USEP","12 Oct 2005","7","124.36","3805.345"
"USEP","12 Oct 2005","8","123.28","3775.679"
"USEP","12 Oct 2005","9","123.28","3770.456"
"USEP","12 Oct 2005","10","124.29","3778.616"
"USEP","12 Oct 2005","11","124.35","3822.820"
"USEP","12 Oct 2005","12","128.50","3921.464"
"USEP","12 Oct 2005","13","131.67","4020.422"
"USEP","12 Oct 2005","14","127.63","4095.538"
"USEP","12 Oct 2005","15","98.87","4205.748"
"USEP","12 Oct 2005","16","105.20","4476.539"
"USEP","12 Oct 2005","17","127.57","4809.275"
"USEP","12 Oct 2005","18","121.30","5025.753"
"USEP","12 Oct 2005","19","128.51","5129.746"
"USEP","12 Oct 2005","20","132.56","5205.349"
"USEP","12 Oct 2005","21","167.40","5272.057"
"USEP","12 Oct 2005","22","205.72","5306.817"
"USEP","12 Oct 2005","23","204.08","5305.241"
"USEP","12 Oct 2005","24","188.65","5263.046"
"USEP","12 Oct 2005","25","171.26","5230.572"
"USEP","12 Oct 2005","26","182.61","5242.286"
"USEP","12 Oct 2005","27","147.89","5244.448"
"USEP","12 Oct 2005","28","153.84","5268.891"
"USEP","12 Oct 2005","29","171.43","5288.567"
"USEP","12 Oct 2005","30","166.83","5293.100"
"USEP","12 Oct 2005","31","154.48","5275.506"
"USEP","12 Oct 2005","32","147.97","5259.860"
"USEP","12 Oct 2005","33","129.51","5242.470"
"USEP","12 Oct 2005","34","127.69","5181.980"
"USEP","12 Oct 2005","35","121.39","5089.991"
"USEP","12 Oct 2005","36","119.30","4954.737"
"USEP","12 Oct 2005","37","108.11","4900.803"
"USEP","12 Oct 2005","38","119.35","4975.691"
"USEP","12 Oct 2005","39","119.33","4953.683"
"USEP","12 Oct 2005","40","111.24","4900.678"
"USEP","12 Oct 2005","41","121.45","4803.634"
"USEP","12 Oct 2005","42","128.62","4789.470"
"USEP","12 Oct 2005","43","144.29","4713.573"
"USEP","12 Oct 2005","44","144.29","4617.085"
"USEP","12 Oct 2005","45","163.24","4555.194"
"USEP","12 Oct 2005","46","143.30","4434.333"
"USEP","12 Oct 2005","47","129.52","4327.329"
"USEP","12 Oct 2005","48","120.70","4183.686"
"USEP","13 Oct 2005","1","120.83","4047.190"
"USEP","13 Oct 2005","2","144.66","3967.253"
"USEP","13 Oct 2005","3","145.70","3956.468"
"USEP","13 Oct 2005","4","141.83","3907.056"
"USEP","13 Oct 2005","5","132.60","3875.874"
"USEP","13 Oct 2005","6","132.47","3831.358"
"USEP","13 Oct 2005","7","131.45","3789.496"
"USEP","13 Oct 2005","8","129.00","3758.642"
"USEP","13 Oct 2005","9","128.66","3757.872"
"USEP","13 Oct 2005","10","127.40","3754.557"
"USEP","13 Oct 2005","11","128.66","3793.641"
"USEP","13 Oct 2005","12","131.51","3867.530"
"USEP","13 Oct 2005","13","141.82","3962.417"
"USEP","13 Oct 2005","14","142.90","4023.796"
"USEP","13 Oct 2005","15","121.24","4152.957"
"USEP","13 Oct 2005","16","125.59","4426.620"
"USEP","13 Oct 2005","17","132.37","4720.198"
"USEP","13 Oct 2005","18","116.37","4925.767"
"USEP","13 Oct 2005","19","121.35","5017.225"
"USEP","13 Oct 2005","20","127.52","5076.686"
"USEP","13 Oct 2005","21","129.46","5137.171"
"USEP","13 Oct 2005","22","132.72","5174.625"
"USEP","13 Oct 2005","23","132.72","5172.508"
"USEP","13 Oct 2005","24","124.95","5123.334"
"USEP","13 Oct 2005","25","114.33","5021.196"
"USEP","13 Oct 2005","26","114.33","5027.806"
"USEP","13 Oct 2005","27","121.29","5103.976"
"USEP","13 Oct 2005","28","122.53","5148.676"
"USEP","13 Oct 2005","29","129.44","5165.669"
"USEP","13 Oct 2005","30","128.46","5159.044"
"USEP","13 Oct 2005","31","121.98","5142.727"
"USEP","13 Oct 2005","32","128.46","5150.938"
"USEP","13 Oct 2005","33","129.48","5165.177"
"USEP","13 Oct 2005","34","128.47","5138.364"
"USEP","13 Oct 2005","35","119.91","5015.361"
"USEP","13 Oct 2005","36","109.15","4879.278"
"USEP","13 Oct 2005","37","106.98","4819.210"
"USEP","13 Oct 2005","38","108.11","4868.428"
"USEP","13 Oct 2005","39","109.18","4880.555"
"USEP","13 Oct 2005","40","112.21","4832.306"
"USEP","13 Oct 2005","41","138.85","4770.221"
"USEP","13 Oct 2005","42","139.05","4712.251"
"USEP","13 Oct 2005","43","140.59","4630.688"
"USEP","13 Oct 2005","44","121.45","4520.056"
"USEP","13 Oct 2005","45","114.44","4415.716"
"USEP","13 Oct 2005","46","106.18","4330.783"
"USEP","13 Oct 2005","47","108.47","4235.359"
"USEP","13 Oct 2005","48","106.39","4097.412"
"USEP","14 Oct 2005","1","111.12","4007.982"
"USEP","14 Oct 2005","2","125.38","3929.784"
"USEP","14 Oct 2005","3","125.38","3899.899"
"USEP","14 Oct 2005","4","120.32","3818.193"
"USEP","14 Oct 2005","5","116.17","3765.292"
"USEP","14 Oct 2005","6","117.18","3759.880"
"USEP","14 Oct 2005","7","115.17","3716.019"
"USEP","14 Oct 2005","8","111.08","3695.046"
"USEP","14 Oct 2005","9","111.13","3690.777"
"USEP","14 Oct 2005","10","111.10","3700.756"
"USEP","14 Oct 2005","11","116.47","3766.127"
"USEP","14 Oct 2005","12","120.24","3826.189"
"USEP","14 Oct 2005","13","122.63","3925.117"
"USEP","14 Oct 2005","14","122.54","3974.444"
"USEP","14 Oct 2005","15","104.18","4117.506"
"USEP","14 Oct 2005","16","112.24","4395.150"
"USEP","14 Oct 2005","17","130.49","4661.776"
"USEP","14 Oct 2005","18","116.17","4872.007"
"USEP","14 Oct 2005","19","122.30","4989.025"
"USEP","14 Oct 2005","20","126.39","5082.098"
"USEP","14 Oct 2005","21","128.98","5157.364"
"USEP","14 Oct 2005","22","129.01","5223.619"
"USEP","14 Oct 2005","23","125.43","5208.888"
"USEP","14 Oct 2005","24","130.49","5175.664"
"USEP","14 Oct 2005","25","129.43","5138.612"
"USEP","14 Oct 2005","26","130.45","5165.326"
"USEP","14 Oct 2005","27","131.83","5203.138"
"USEP","14 Oct 2005","28","134.54","5225.011"
"USEP","14 Oct 2005","29","134.54","5232.332"
"USEP","14 Oct 2005","30","132.50","5219.330"
"USEP","14 Oct 2005","31","131.51","5206.895"
"USEP","14 Oct 2005","32","130.43","5169.307"
"USEP","14 Oct 2005","33","125.41","5125.650"
"USEP","14 Oct 2005","34","120.34","5050.817"
"USEP","14 Oct 2005","35","112.20","4935.210"
"USEP","14 Oct 2005","36","111.13","4793.893"
"USEP","14 Oct 2005","37","106.99","4727.056"
"USEP","14 Oct 2005","38","106.14","4750.301"
"USEP","14 Oct 2005","39","104.03","4756.280"
"USEP","14 Oct 2005","40","108.86","4715.844"
"USEP","14 Oct 2005","41","112.16","4641.259"
"USEP","14 Oct 2005","42","118.69","4572.340"
"USEP","14 Oct 2005","43","128.62","4500.738"
"USEP","14 Oct 2005","44","125.22","4416.630"
"USEP","14 Oct 2005","45","117.13","4315.024"
"USEP","14 Oct 2005","46","111.07","4220.847"
"USEP","14 Oct 2005","47","109.44","4136.447"
"USEP","14 Oct 2005","48","105.27","4063.755"
"USEP","15 Oct 2005","1","116.17","3981.437"
"USEP","15 Oct 2005","2","108.02","3890.173"
"USEP","15 Oct 2005","3","123.05","3814.386"
"USEP","15 Oct 2005","4","132.79","3765.873"
"USEP","15 Oct 2005","5","119.14","3701.701"
"USEP","15 Oct 2005","6","106.30","3676.468"
"USEP","15 Oct 2005","7","106.00","3640.242"
"USEP","15 Oct 2005","8","102.95","3611.888"
"USEP","15 Oct 2005","9","102.98","3590.606"
"USEP","15 Oct 2005","10","102.98","3597.256"
"USEP","15 Oct 2005","11","102.95","3612.221"
"USEP","15 Oct 2005","12","102.97","3622.385"
"USEP","15 Oct 2005","13","106.01","3664.729"
"USEP","15 Oct 2005","14","106.95","3689.355"
"USEP","15 Oct 2005","15","106.38","3763.816"
"USEP","15 Oct 2005","16","113.08","3948.153"
"USEP","15 Oct 2005","17","118.26","4190.118"
"USEP","15 Oct 2005","18","131.48","4366.647"
"USEP","15 Oct 2005","19","126.43","4471.847"
"USEP","15 Oct 2005","20","136.60","4565.144"
"USEP","15 Oct 2005","21","133.95","4574.204"
"USEP","15 Oct 2005","22","118.73","4587.971"
"USEP","15 Oct 2005","23","119.23","4597.831"
"USEP","15 Oct 2005","24","112.19","4640.211"
"USEP","15 Oct 2005","25","132.92","4612.076"
"USEP","15 Oct 2005","26","126.80","4541.999"
"USEP","15 Oct 2005","27","122.72","4518.232"
"USEP","15 Oct 2005","28","118.41","4495.246"
"USEP","15 Oct 2005","29","127.32","4469.178"
"USEP","15 Oct 2005","30","147.02","4424.408"
"USEP","15 Oct 2005","31","121.90","4385.304"
"USEP","15 Oct 2005","32","118.26","4356.767"
"USEP","15 Oct 2005","33","126.95","4310.799"
"USEP","15 Oct 2005","34","128.73","4266.109"
"USEP","15 Oct 2005","35","121.37","4217.736"
"USEP","15 Oct 2005","36","118.38","4207.637"
"USEP","15 Oct 2005","37","123.63","4242.934"
"USEP","15 Oct 2005","38","140.30","4325.321"
"USEP","15 Oct 2005","39","150.21","4378.520"
"USEP","15 Oct 2005","40","149.05","4363.491"
"USEP","15 Oct 2005","41","148.54","4354.371"
"USEP","15 Oct 2005","42","142.50","4339.893"
"USEP","15 Oct 2005","43","140.31","4322.026"
"USEP","15 Oct 2005","44","127.46","4251.631"
"USEP","15 Oct 2005","45","122.48","4189.004"
"USEP","15 Oct 2005","46","116.19","4128.306"
"USEP","15 Oct 2005","47","109.04","4077.955"
"USEP","15 Oct 2005","48","108.10","4019.453"
"USEP","16 Oct 2005","1","126.53","3952.099"
"USEP","16 Oct 2005","2","117.32","3884.154"
"USEP","16 Oct 2005","3","113.24","3781.728"
"USEP","16 Oct 2005","4","112.11","3723.022"
"USEP","16 Oct 2005","5","110.11","3684.241"
"USEP","16 Oct 2005","6","107.94","3642.110"
"USEP","16 Oct 2005","7","107.99","3614.726"
"USEP","16 Oct 2005","8","106.97","3588.996"
"USEP","16 Oct 2005","9","102.96","3565.945"
"USEP","16 Oct 2005","10","102.97","3558.704"
"USEP","16 Oct 2005","11","102.97","3557.223"
"USEP","16 Oct 2005","12","102.97","3572.699"
"USEP","16 Oct 2005","13","106.00","3575.194"
"USEP","16 Oct 2005","14","102.97","3555.160"
"USEP","16 Oct 2005","15","102.97","3552.407"
"USEP","16 Oct 2005","16","107.94","3624.372"
"USEP","16 Oct 2005","17","111.11","3706.755"
"USEP","16 Oct 2005","18","113.14","3797.000"
"USEP","16 Oct 2005","19","112.09","3884.040"
"USEP","16 Oct 2005","20","117.18","3941.916"
"USEP","16 Oct 2005","21","128.37","4001.397"
"USEP","16 Oct 2005","22","129.52","4041.052"
"USEP","16 Oct 2005","23","108.94","4058.204"
"USEP","16 Oct 2005","24","108.04","4030.889"
"USEP","16 Oct 2005","25","107.94","4009.697"
"USEP","16 Oct 2005","26","107.90","4010.979"
"USEP","16 Oct 2005","27","107.93","4019.517"
"USEP","16 Oct 2005","28","108.05","4026.088"
"USEP","16 Oct 2005","29","107.93","4017.162"
"USEP","16 Oct 2005","30","107.93","4013.056"
"USEP","16 Oct 2005","31","122.63","3999.980"
"USEP","16 Oct 2005","32","117.24","3970.051"
"USEP","16 Oct 2005","33","112.04","3920.038"
"USEP","16 Oct 2005","34","110.30","3906.509"
"USEP","16 Oct 2005","35","112.05","3911.783"
"USEP","16 Oct 2005","36","112.04","3917.881"
"USEP","16 Oct 2005","37","117.16","3976.840"
"USEP","16 Oct 2005","38","108.96","4092.711"
"USEP","16 Oct 2005","39","112.07","4172.444"
"USEP","16 Oct 2005","40","112.16","4196.509"
"USEP","16 Oct 2005","41","112.15","4192.960"
"USEP","16 Oct 2005","42","112.12","4169.601"
"USEP","16 Oct 2005","43","112.07","4137.769"
"USEP","16 Oct 2005","44","108.96","4097.964"
"USEP","16 Oct 2005","45","107.93","4018.653"
"USEP","16 Oct 2005","46","106.02","3909.805"
"USEP","16 Oct 2005","47","102.98","3817.497"
"USEP","16 Oct 2005","48","97.96","3692.074"
"USEP","17 Oct 2005","1","99.82","3619.035"
"USEP","17 Oct 2005","2","100.05","3502.692"
"USEP","17 Oct 2005","3","98.55","3440.930"
"USEP","17 Oct 2005","4","98.48","3411.701"
"USEP","17 Oct 2005","5","98.48","3386.956"
"USEP","17 Oct 2005","6","98.03","3361.295"
"USEP","17 Oct 2005","7","98.03","3341.927"
"USEP","17 Oct 2005","8","99.00","3338.458"
"USEP","17 Oct 2005","9","99.01","3333.916"
"USEP","17 Oct 2005","10","98.49","3357.652"
"USEP","17 Oct 2005","11","98.03","3403.700"
"USEP","17 Oct 2005","12","98.45","3500.321"
"USEP","17 Oct 2005","13","99.83","3628.025"
"USEP","17 Oct 2005","14","99.85","3714.444"
"USEP","17 Oct 2005","15","97.79","3880.238"
"USEP","17 Oct 2005","16","102.78","4267.476"
"USEP","17 Oct 2005","17","110.11","4602.523"
"USEP","17 Oct 2005","18","110.14","4814.195"
"USEP","17 Oct 2005","19","111.22","4892.408"
"USEP","17 Oct 2005","20","111.19","4902.671"
"USEP","17 Oct 2005","21","117.22","4947.824"
"USEP","17 Oct 2005","22","121.34","5013.254"
"USEP","17 Oct 2005","23","126.38","5020.371"
"USEP","17 Oct 2005","24","112.45","4960.279"
"USEP","17 Oct 2005","25","111.30","4926.175"
"USEP","17 Oct 2005","26","111.28","4947.237"
"USEP","17 Oct 2005","27","112.24","5003.190"
"USEP","17 Oct 2005","28","112.36","5025.162"
"USEP","17 Oct 2005","29","147.86","5027.776"
"USEP","17 Oct 2005","30","145.80","5007.648"
"USEP","17 Oct 2005","31","145.87","5006.137"
"USEP","17 Oct 2005","32","145.74","5000.302"
"USEP","17 Oct 2005","33","144.75","4997.718"
"USEP","17 Oct 2005","34","144.67","4968.166"
"USEP","17 Oct 2005","35","140.62","4899.744"
"USEP","17 Oct 2005","36","121.36","4750.937"
"USEP","17 Oct 2005","37","116.29","4679.200"
"USEP","17 Oct 2005","38","125.83","4702.132"
"USEP","17 Oct 2005","39","143.35","4716.162"
"USEP","17 Oct 2005","40","131.32","4682.063"
"USEP","17 Oct 2005","41","142.00","4645.623"
"USEP","17 Oct 2005","42","147.09","4594.939"
"USEP","17 Oct 2005","43","134.31","4531.775"
"USEP","17 Oct 2005","44","137.61","4424.190"
"USEP","17 Oct 2005","45","148.47","4311.892"
"USEP","17 Oct 2005","46","148.60","4194.173"
"USEP","17 Oct 2005","47","135.41","4074.958"
"USEP","17 Oct 2005","48","135.40","4009.374"
"USEP","18 Oct 2005","1","129.17","3985.741"
"USEP","18 Oct 2005","2","121.23","3872.157"
"USEP","18 Oct 2005","3","106.13","3713.196"
"USEP","18 Oct 2005","4","105.97","3629.800"
"USEP","18 Oct 2005","5","106.00","3593.559"
"USEP","18 Oct 2005","6","100.82","3553.103"
"USEP","18 Oct 2005","7","99.78","3526.578"
"USEP","18 Oct 2005","8","97.90","3500.779"
"USEP","18 Oct 2005","9","97.89","3497.051"
"USEP","18 Oct 2005","10","97.89","3509.272"
"USEP","18 Oct 2005","11","97.80","3545.643"
"USEP","18 Oct 2005","12","105.99","3642.299"
"USEP","18 Oct 2005","13","110.04","3740.009"
"USEP","18 Oct 2005","14","108.93","3816.597"
"USEP","18 Oct 2005","15","97.79","3943.695"
"USEP","18 Oct 2005","16","111.10","4346.638"
"USEP","18 Oct 2005","17","113.53","4644.321"
"USEP","18 Oct 2005","18","111.11","4787.357"
"USEP","18 Oct 2005","19","111.49","4859.915"
"USEP","18 Oct 2005","20","117.27","4954.156"
"USEP","18 Oct 2005","21","124.42","5030.331"
"USEP","18 Oct 2005","22","121.35","5067.665"
"USEP","18 Oct 2005","23","120.34","5079.171"
"USEP","18 Oct 2005","24","112.42","5031.330"
"USEP","18 Oct 2005","25","111.23","4993.583"
"USEP","18 Oct 2005","26","111.30","5011.644"
"USEP","18 Oct 2005","27","112.82","5075.478"
"USEP","18 Oct 2005","28","119.32","5112.117"
"USEP","18 Oct 2005","29","119.36","5121.699"
"USEP","18 Oct 2005","30","119.32","5101.268"
"USEP","18 Oct 2005","31","119.35","5074.405"
"USEP","18 Oct 2005","32","119.28","5060.384"
"USEP","18 Oct 2005","33","120.37","5088.723"
"USEP","18 Oct 2005","34","120.36","5075.175"
"USEP","18 Oct 2005","35","112.45","4996.903"
"USEP","18 Oct 2005","36","110.19","4859.989"
"USEP","18 Oct 2005","37","111.19","4776.259"
"USEP","18 Oct 2005","38","111.47","4797.471"
"USEP","18 Oct 2005","39","111.92","4809.002"
"USEP","18 Oct 2005","40","110.10","4748.527"
"USEP","18 Oct 2005","41","139.02","4695.870"
"USEP","18 Oct 2005","42","143.56","4637.815"
"USEP","18 Oct 2005","43","146.79","4556.794"
"USEP","18 Oct 2005","44","126.42","4423.037"
"USEP","18 Oct 2005","45","112.30","4306.599"
"USEP","18 Oct 2005","46","110.09","4208.586"
"USEP","18 Oct 2005","47","108.09","4103.982"
"USEP","18 Oct 2005","48","106.58","4009.712"
"USEP","19 Oct 2005","1","109.23","3937.512"
"USEP","19 Oct 2005","2","110.39","3846.382"
"USEP","19 Oct 2005","3","107.04","3692.824"
"USEP","19 Oct 2005","4","106.11","3652.229"
"USEP","19 Oct 2005","5","106.11","3625.143"
"USEP","19 Oct 2005","6","100.91","3576.124"
"USEP","19 Oct 2005","7","105.96","3541.349"
"USEP","19 Oct 2005","8","100.91","3528.745"
"USEP","19 Oct 2005","9","100.91","3526.210"
"USEP","19 Oct 2005","10","106.00","3551.169"
"USEP","19 Oct 2005","11","103.52","3602.887"
"USEP","19 Oct 2005","12","106.08","3702.069"
"USEP","19 Oct 2005","13","108.03","3803.442"
"USEP","19 Oct 2005","14","107.02","3884.746"
"USEP","19 Oct 2005","15","105.97","4027.792"
"USEP","19 Oct 2005","16","110.15","4351.290"
"USEP","19 Oct 2005","17","115.64","4660.622"
"USEP","19 Oct 2005","18","115.14","4840.899"
"USEP","19 Oct 2005","19","128.08","4980.676"
"USEP","19 Oct 2005","20","136.18","5096.168"
"USEP","19 Oct 2005","21","141.60","5152.319"
"USEP","19 Oct 2005","22","141.77","5173.288"
"USEP","19 Oct 2005","23","127.47","5164.476"
"USEP","19 Oct 2005","24","112.19","5059.882"
"USEP","19 Oct 2005","25","110.22","4996.585"
"USEP","19 Oct 2005","26","111.23","5045.440"
"USEP","19 Oct 2005","27","130.44","5162.553"
"USEP","19 Oct 2005","28","136.25","5197.527"
"USEP","19 Oct 2005","29","112.74","5116.202"
"USEP","19 Oct 2005","30","112.18","5069.062"
"USEP","19 Oct 2005","31","121.36","5082.029"
"USEP","19 Oct 2005","32","121.36","5079.753"
"USEP","19 Oct 2005","33","121.37","5079.216"
"USEP","19 Oct 2005","34","112.19","5018.984"
"USEP","19 Oct 2005","35","108.09","4948.987"
"USEP","19 Oct 2005","36","106.13","4845.989"
"USEP","19 Oct 2005","37","106.05","4776.468"
"USEP","19 Oct 2005","38","105.04","4742.712"
"USEP","19 Oct 2005","39","106.14","4782.999"
"USEP","19 Oct 2005","40","107.12","4726.609"
"USEP","19 Oct 2005","41","135.82","4629.008"
"USEP","19 Oct 2005","42","135.26","4565.507"
"USEP","19 Oct 2005","43","135.77","4499.947"
"USEP","19 Oct 2005","44","130.55","4386.547"
"USEP","19 Oct 2005","45","107.09","4275.681"
"USEP","19 Oct 2005","46","106.82","4165.357"
"USEP","19 Oct 2005","47","109.11","4048.840"
"USEP","19 Oct 2005","48","111.48","3953.342"
"USEP","20 Oct 2005","1","104.93","3838.242"
"USEP","20 Oct 2005","2","104.88","3731.819"
"USEP","20 Oct 2005","3","100.90","3603.195"
"USEP","20 Oct 2005","4","100.79","3574.508"
"USEP","20 Oct 2005","5","99.77","3541.513"
"USEP","20 Oct 2005","6","97.72","3519.182"
"USEP","20 Oct 2005","7","95.69","3498.562"
"USEP","20 Oct 2005","8","93.36","3487.419"
"USEP","20 Oct 2005","9","93.04","3474.358"
"USEP","20 Oct 2005","10","92.99","3480.744"
"USEP","20 Oct 2005","11","93.06","3517.408"
"USEP","20 Oct 2005","12","93.06","3600.815"
"USEP","20 Oct 2005","13","96.85","3714.508"
"USEP","20 Oct 2005","14","95.74","3820.648"
"USEP","20 Oct 2005","15","93.14","3973.276"
"USEP","20 Oct 2005","16","97.83","4280.929"
"USEP","20 Oct 2005","17","106.08","4599.536"
"USEP","20 Oct 2005","18","106.07","4802.377"
"USEP","20 Oct 2005","19","106.08","4866.584"
"USEP","20 Oct 2005","20","107.10","4933.719"
"USEP","20 Oct 2005","21","107.08","4977.162"
"USEP","20 Oct 2005","22","107.11","5020.053"
"USEP","20 Oct 2005","23","107.10","4995.859"
"USEP","20 Oct 2005","24","106.15","4960.974"
"USEP","20 Oct 2005","25","106.06","4908.680"
"USEP","20 Oct 2005","26","106.06","4891.504"
"USEP","20 Oct 2005","27","107.10","4938.182"
"USEP","20 Oct 2005","28","111.21","4972.122"
"USEP","20 Oct 2005","29","111.18","4979.627"
"USEP","20 Oct 2005","30","111.18","4962.898"
"USEP","20 Oct 2005","31","109.15","4947.496"
"USEP","20 Oct 2005","32","108.09","4945.940"
"USEP","20 Oct 2005","33","111.16","4937.432"
"USEP","20 Oct 2005","34","109.17","4910.201"
"USEP","20 Oct 2005","35","107.09","4838.827"
"USEP","20 Oct 2005","36","103.04","4735.819"
"USEP","20 Oct 2005","37","103.00","4676.934"
"USEP","20 Oct 2005","38","103.02","4700.671"
"USEP","20 Oct 2005","39","102.98","4695.179"
"USEP","20 Oct 2005","40","103.31","4663.793"
"USEP","20 Oct 2005","41","137.66","4638.238"
"USEP","20 Oct 2005","42","133.15","4586.405"
"USEP","20 Oct 2005","43","141.00","4520.503"
"USEP","20 Oct 2005","44","133.96","4415.780"
"USEP","20 Oct 2005","45","107.05","4295.318"
"USEP","20 Oct 2005","46","104.87","4174.740"
"USEP","20 Oct 2005","47","105.88","4068.149"
"USEP","20 Oct 2005","48","105.99","3987.709"
"USEP","21 Oct 2005","1","107.70","3924.327"
"USEP","21 Oct 2005","2","112.12","3830.299"
"USEP","21 Oct 2005","3","105.79","3713.768"
"USEP","21 Oct 2005","4","103.60","3617.057"
"USEP","21 Oct 2005","5","103.50","3579.469"
"USEP","21 Oct 2005","6","102.89","3557.720"
"USEP","21 Oct 2005","7","101.85","3540.240"
"USEP","21 Oct 2005","8","101.83","3533.302"
"USEP","21 Oct 2005","9","101.86","3531.056"
"USEP","21 Oct 2005","10","102.90","3549.430"
"USEP","21 Oct 2005","11","103.50","3584.294"
"USEP","21 Oct 2005","12","103.63","3667.119"
"USEP","21 Oct 2005","13","105.97","3760.799"
"USEP","21 Oct 2005","14","106.99","3854.961"
"USEP","21 Oct 2005","15","103.89","4059.700"
"USEP","21 Oct 2005","16","106.02","4402.878"
"USEP","21 Oct 2005","17","148.83","4666.348"
"USEP","21 Oct 2005","18","103.97","4787.760"
"USEP","21 Oct 2005","19","104.03","4898.984"
"USEP","21 Oct 2005","20","108.09","4979.831"
"USEP","21 Oct 2005","21","126.34","5059.226"
"USEP","21 Oct 2005","22","134.46","5117.018"
"USEP","21 Oct 2005","23","134.51","5124.289"
"USEP","21 Oct 2005","24","131.43","5091.770"
"USEP","21 Oct 2005","25","118.03","5057.929"
"USEP","21 Oct 2005","26","125.27","5059.997"
"USEP","21 Oct 2005","27","105.16","5086.840"
"USEP","21 Oct 2005","28","107.10","5103.728"
"USEP","21 Oct 2005","29","105.73","5118.166"
"USEP","21 Oct 2005","30","140.57","5114.950"
"USEP","21 Oct 2005","31","140.55","5106.004"
"USEP","21 Oct 2005","32","126.36","5081.000"
"USEP","21 Oct 2005","33","117.89","5057.686"
"USEP","21 Oct 2005","34","108.11","5027.453"
"USEP","21 Oct 2005","35","105.01","4965.383"
"USEP","21 Oct 2005","36","103.47","4854.512"
"USEP","21 Oct 2005","37","103.18","4772.631"
"USEP","21 Oct 2005","38","104.05","4783.978"
"USEP","21 Oct 2005","39","103.98","4764.023"
"USEP","21 Oct 2005","40","103.46","4715.874"
"USEP","21 Oct 2005","41","107.06","4665.995"
"USEP","21 Oct 2005","42","119.36","4597.508"
"USEP","21 Oct 2005","43","119.43","4518.520"
"USEP","21 Oct 2005","44","107.01","4423.514"
"USEP","21 Oct 2005","45","106.20","4315.257"
"USEP","21 Oct 2005","46","107.27","4223.342"
"USEP","21 Oct 2005","47","106.03","4126.497"
"USEP","21 Oct 2005","48","102.01","4046.022"
"USEP","22 Oct 2005","1","122.21","3974.464"
"USEP","22 Oct 2005","2","105.51","3890.312"
"USEP","22 Oct 2005","3","112.18","3802.378"
"USEP","22 Oct 2005","4","104.97","3738.126"
"USEP","22 Oct 2005","5","104.89","3698.788"
"USEP","22 Oct 2005","6","104.88","3649.943"
"USEP","22 Oct 2005","7","104.67","3627.230"
"USEP","22 Oct 2005","8","104.37","3598.593"
"USEP","22 Oct 2005","9","104.21","3589.309"
"USEP","22 Oct 2005","10","104.36","3580.825"
"USEP","22 Oct 2005","11","104.36","3576.248"
"USEP","22 Oct 2005","12","104.37","3591.854"
"USEP","22 Oct 2005","13","104.36","3632.657"
"USEP","22 Oct 2005","14","104.69","3692.839"
"USEP","22 Oct 2005","15","105.90","3788.551"
"USEP","22 Oct 2005","16","112.17","3976.005"
"USEP","22 Oct 2005","17","106.31","4169.910"
"USEP","22 Oct 2005","18","126.23","4347.592"
"USEP","22 Oct 2005","19","148.21","4438.871"
"USEP","22 Oct 2005","20","149.13","4535.508"
"USEP","22 Oct 2005","21","132.55","4588.562"
"USEP","22 Oct 2005","22","111.18","4608.626"
"USEP","22 Oct 2005","23","110.06","4598.363"
"USEP","22 Oct 2005","24","108.16","4584.408"
"USEP","22 Oct 2005","25","129.53","4557.038"
"USEP","22 Oct 2005","26","129.42","4508.605"
"USEP","22 Oct 2005","27","121.27","4451.798"
"USEP","22 Oct 2005","28","109.15","4417.739"
"USEP","22 Oct 2005","29","108.27","4390.150"
"USEP","22 Oct 2005","30","116.85","4360.658"
"USEP","22 Oct 2005","31","173.13","4331.907"
"USEP","22 Oct 2005","32","129.70","4286.471"
"USEP","22 Oct 2005","33","129.41","4278.593"
"USEP","22 Oct 2005","34","109.94","4238.863"
"USEP","22 Oct 2005","35","116.82","4199.158"
"USEP","22 Oct 2005","36","112.01","4175.178"
"USEP","22 Oct 2005","37","117.07","4194.824"
"USEP","22 Oct 2005","38","136.16","4277.003"
"USEP","22 Oct 2005","39","158.46","4305.397"
"USEP","22 Oct 2005","40","158.41","4298.851"
"USEP","22 Oct 2005","41","158.41","4300.074"
"USEP","22 Oct 2005","42","140.78","4285.308"
"USEP","22 Oct 2005","43","126.40","4253.599"
"USEP","22 Oct 2005","44","121.17","4205.028"
"USEP","22 Oct 2005","45","116.38","4142.922"
"USEP","22 Oct 2005","46","107.08","4086.935"
"USEP","22 Oct 2005","47","105.99","4021.684"
"USEP","22 Oct 2005","48","105.91","3969.594"
"USEP","23 Oct 2005","1","129.43","3928.288"
"USEP","23 Oct 2005","2","121.70","3846.879"
"USEP","23 Oct 2005","3","109.82","3761.331"
"USEP","23 Oct 2005","4","116.01","3698.490"
"USEP","23 Oct 2005","5","113.46","3659.779"
"USEP","23 Oct 2005","6","107.02","3591.074"
"USEP","23 Oct 2005","7","104.39","3464.647"
"USEP","23 Oct 2005","8","103.85","3435.726"
"USEP","23 Oct 2005","9","103.87","3451.854"
"USEP","23 Oct 2005","10","103.87","3451.327"
"USEP","23 Oct 2005","11","103.50","3447.684"
"USEP","23 Oct 2005","12","103.08","3457.947"
"USEP","23 Oct 2005","13","103.10","3467.087"
"USEP","23 Oct 2005","14","103.10","3476.525"
"USEP","23 Oct 2005","15","103.11","3483.930"
"USEP","23 Oct 2005","16","104.90","3617.310"
"USEP","23 Oct 2005","17","105.94","3686.423"
"USEP","23 Oct 2005","18","104.83","3685.817"
"USEP","23 Oct 2005","19","105.90","3784.392"
"USEP","23 Oct 2005","20","105.95","3823.600"
"USEP","23 Oct 2005","21","107.00","3889.144"
"USEP","23 Oct 2005","22","121.11","3975.672"
"USEP","23 Oct 2005","23","105.39","3965.205"
"USEP","23 Oct 2005","24","104.99","3940.917"
"USEP","23 Oct 2005","25","104.06","3918.830"
"USEP","23 Oct 2005","26","104.07","3937.075"
"USEP","23 Oct 2005","27","104.37","3952.785"
"USEP","23 Oct 2005","28","104.37","3956.706"
"USEP","23 Oct 2005","29","104.83","3963.540"
"USEP","23 Oct 2005","30","104.72","3952.000"
"USEP","23 Oct 2005","31","107.01","3946.066"
"USEP","23 Oct 2005","32","107.01","3938.148"
"USEP","23 Oct 2005","33","106.99","3942.517"
"USEP","23 Oct 2005","34","106.44","3932.632"
"USEP","23 Oct 2005","35","106.20","3927.031"
"USEP","23 Oct 2005","36","106.19","3923.989"
"USEP","23 Oct 2005","37","123.36","3982.590"
"USEP","23 Oct 2005","38","106.33","4098.446"
"USEP","23 Oct 2005","39","107.03","4169.060"
"USEP","23 Oct 2005","40","107.05","4191.673"
"USEP","23 Oct 2005","41","107.03","4197.816"
"USEP","23 Oct 2005","42","117.07","4210.201"
"USEP","23 Oct 2005","43","114.53","4197.876"
"USEP","23 Oct 2005","44","107.03","4140.109"
"USEP","23 Oct 2005","45","107.03","4054.228"
"USEP","23 Oct 2005","46","105.89","3974.295"
"USEP","23 Oct 2005","47","104.87","3901.281"
"USEP","23 Oct 2005","48","104.11","3817.591"
"USEP","24 Oct 2005","1","104.84","3738.459"
"USEP","24 Oct 2005","2","107.07","3656.518"
"USEP","24 Oct 2005","3","105.93","3603.856"
"USEP","24 Oct 2005","4","103.09","3558.063"
"USEP","24 Oct 2005","5","103.02","3519.257"
"USEP","24 Oct 2005","6","102.96","3497.180"
"USEP","24 Oct 2005","7","102.48","3467.768"
"USEP","24 Oct 2005","8","102.44","3462.077"
"USEP","24 Oct 2005","9","102.44","3456.700"
"USEP","24 Oct 2005","10","102.37","3486.853"
"USEP","24 Oct 2005","11","103.00","3527.845"
"USEP","24 Oct 2005","12","103.12","3635.853"
"USEP","24 Oct 2005","13","107.03","3762.668"
"USEP","24 Oct 2005","14","112.31","3884.681"
"USEP","24 Oct 2005","15","107.03","4035.809"
"USEP","24 Oct 2005","16","117.50","4356.786"
"USEP","24 Oct 2005","17","151.09","4643.242"
"USEP","24 Oct 2005","18","121.28","4853.444"
"USEP","24 Oct 2005","19","128.45","4983.290"
"USEP","24 Oct 2005","20","130.52","5059.689"
"USEP","24 Oct 2005","21","129.49","5104.339"
"USEP","24 Oct 2005","22","130.53","5147.712"
"USEP","24 Oct 2005","23","141.19","5214.126"
"USEP","24 Oct 2005","24","131.47","5158.447"
"USEP","24 Oct 2005","25","129.51","5116.118"
"USEP","24 Oct 2005","26","130.34","5122.579"
"USEP","24 Oct 2005","27","131.48","5157.926"
"USEP","24 Oct 2005","28","132.50","5185.539"
"USEP","24 Oct 2005","29","132.50","5188.094"
"USEP","24 Oct 2005","30","132.51","5189.719"
"USEP","24 Oct 2005","31","189.80","5192.611"
"USEP","24 Oct 2005","32","331.16","5196.369"
"USEP","24 Oct 2005","33","311.50","5188.531"
"USEP","24 Oct 2005","34","206.85","5153.776"
"USEP","24 Oct 2005","35","180.81","5069.390"
"USEP","24 Oct 2005","36","131.61","4920.131"
"USEP","24 Oct 2005","37","121.27","4841.322"
"USEP","24 Oct 2005","38","122.31","4848.434"
"USEP","24 Oct 2005","39","124.34","4853.135"
"USEP","24 Oct 2005","40","125.33","4798.654"
"USEP","24 Oct 2005","41","146.26","4745.619"
"USEP","24 Oct 2005","42","171.21","4680.994"
"USEP","24 Oct 2005","43","179.37","4601.788"
"USEP","24 Oct 2005","44","147.84","4495.360"
"USEP","24 Oct 2005","45","141.54","4371.045"
"USEP","24 Oct 2005","46","133.18","4231.890"
"USEP","24 Oct 2005","47","107.79","4105.170"
"USEP","24 Oct 2005","48","105.89","3982.232"
"USEP","25 Oct 2005","1","106.02","3879.652"
"USEP","25 Oct 2005","2","136.45","3806.528"
"USEP","25 Oct 2005","3","122.70","3744.105"
"USEP","25 Oct 2005","4","115.96","3685.976"
"USEP","25 Oct 2005","5","103.92","3635.167"
"USEP","25 Oct 2005","6","103.11","3584.225"
"USEP","25 Oct 2005","7","103.01","3559.763"
"USEP","25 Oct 2005","8","102.93","3548.689"
"USEP","25 Oct 2005","9","102.93","3547.079"
"USEP","25 Oct 2005","10","102.98","3587.401"
"USEP","25 Oct 2005","11","103.16","3655.703"
"USEP","25 Oct 2005","12","103.14","3738.046"
"USEP","25 Oct 2005","13","103.95","3826.184"
"USEP","25 Oct 2005","14","104.89","3927.443"
"USEP","25 Oct 2005","15","103.95","4085.116"
"USEP","25 Oct 2005","16","103.96","4351.573"
"USEP","25 Oct 2005","17","133.54","4626.653"
"USEP","25 Oct 2005","18","106.99","4840.924"
"USEP","25 Oct 2005","19","133.44","4972.907"
"USEP","25 Oct 2005","20","134.48","5048.163"
"USEP","25 Oct 2005","21","136.51","5106.218"
"USEP","25 Oct 2005","22","136.55","5143.557"
"USEP","25 Oct 2005","23","136.55","5127.107"
"USEP","25 Oct 2005","24","136.54","5117.520"
"USEP","25 Oct 2005","25","141.58","5081.999"
"USEP","25 Oct 2005","26","141.57","5093.664"
"USEP","25 Oct 2005","27","142.63","5127.887"
"USEP","25 Oct 2005","28","139.67","5153.239"
"USEP","25 Oct 2005","29","137.57","5166.012"
"USEP","25 Oct 2005","30","136.55","5156.474"
"USEP","25 Oct 2005","31","135.12","5159.685"
"USEP","25 Oct 2005","32","135.11","5135.188"
"USEP","25 Oct 2005","33","134.49","5105.979"
"USEP","25 Oct 2005","34","129.43","5054.748"
"USEP","25 Oct 2005","35","127.36","4974.890"
"USEP","25 Oct 2005","36","106.88","4847.251"
"USEP","25 Oct 2005","37","107.00","4788.814"
"USEP","25 Oct 2005","38","127.14","4792.034"
"USEP","25 Oct 2005","39","124.70","4778.715"
"USEP","25 Oct 2005","40","107.02","4723.572"
"USEP","25 Oct 2005","41","136.47","4664.161"
"USEP","25 Oct 2005","42","136.47","4608.626"
"USEP","25 Oct 2005","43","136.55","4528.510"
"USEP","25 Oct 2005","44","129.41","4429.294"
"USEP","25 Oct 2005","45","107.03","4317.325"
"USEP","25 Oct 2005","46","107.05","4236.070"
"USEP","25 Oct 2005","47","103.96","3972.064"
"USEP","25 Oct 2005","48","102.70","3847.893"
"USEP","26 Oct 2005","1","106.14","3820.986"
"USEP","26 Oct 2005","2","121.23","3725.631"
"USEP","26 Oct 2005","3","105.99","3637.990"
"USEP","26 Oct 2005","4","103.91","3574.305"
"USEP","26 Oct 2005","5","103.13","3538.118"
"USEP","26 Oct 2005","6","103.12","3522.890"
"USEP","26 Oct 2005","7","103.06","3492.270"
"USEP","26 Oct 2005","8","102.86","3473.866"
"USEP","26 Oct 2005","9","102.89","3471.003"
"USEP","26 Oct 2005","10","103.12","3536.632"
"USEP","26 Oct 2005","11","113.41","3637.732"
"USEP","26 Oct 2005","12","121.01","3724.752"
"USEP","26 Oct 2005","13","121.15","3791.012"
"USEP","26 Oct 2005","14","117.09","3870.035"
"USEP","26 Oct 2005","15","106.00","4060.132"
"USEP","26 Oct 2005","16","107.01","4362.328"
"USEP","26 Oct 2005","17","128.43","4653.351"
"USEP","26 Oct 2005","18","107.06","4817.262"
"USEP","26 Oct 2005","19","115.03","4914.122"
"USEP","26 Oct 2005","20","126.32","4971.143"
"USEP","26 Oct 2005","21","127.34","5025.937"
"USEP","26 Oct 2005","22","126.42","5004.845"
"USEP","26 Oct 2005","23","128.45","5026.574"
"USEP","26 Oct 2005","24","127.40","4987.887"
"USEP","26 Oct 2005","25","133.46","4953.818"
"USEP","26 Oct 2005","26","133.44","4953.763"
"USEP","26 Oct 2005","27","126.80","5005.973"
"USEP","26 Oct 2005","28","128.28","5044.615"
"USEP","26 Oct 2005","29","129.45","5048.794"
"USEP","26 Oct 2005","30","126.88","5017.150"
"USEP","26 Oct 2005","31","126.39","5001.654"
"USEP","26 Oct 2005","32","126.89","5009.497"
"USEP","26 Oct 2005","33","133.48","4998.876"
"USEP","26 Oct 2005","34","128.40","4969.423"
"USEP","26 Oct 2005","35","127.32","4883.939"
"USEP","26 Oct 2005","36","122.05","4774.992"
"USEP","26 Oct 2005","37","107.94","4707.012"
"USEP","26 Oct 2005","38","107.94","4714.726"
"USEP","26 Oct 2005","39","107.47","4704.035"
"USEP","26 Oct 2005","40","109.89","4658.928"
"USEP","26 Oct 2005","41","135.12","4623.536"
"USEP","26 Oct 2005","42","135.09","4561.670"
"USEP","26 Oct 2005","43","135.06","4482.060"
"USEP","26 Oct 2005","44","136.14","4376.483"
"USEP","26 Oct 2005","45","128.19","4253.858"
"USEP","26 Oct 2005","46","110.03","4142.440"
"USEP","26 Oct 2005","47","106.94","4032.817"
"USEP","26 Oct 2005","48","104.87","3931.956"
"USEP","27 Oct 2005","1","121.20","3833.291"
"USEP","27 Oct 2005","2","131.39","3750.978"
"USEP","27 Oct 2005","3","104.95","3606.659"
"USEP","27 Oct 2005","4","118.61","3555.071"
"USEP","27 Oct 2005","5","113.39","3538.908"
"USEP","27 Oct 2005","6","104.86","3518.854"
"USEP","27 Oct 2005","7","102.87","3489.208"
"USEP","27 Oct 2005","8","102.86","3477.385"
"USEP","27 Oct 2005","9","102.86","3488.468"
"USEP","27 Oct 2005","10","102.87","3497.285"
"USEP","27 Oct 2005","11","103.02","3531.175"
"USEP","27 Oct 2005","12","103.89","3613.528"
"USEP","27 Oct 2005","13","121.14","3723.181"
"USEP","27 Oct 2005","14","130.35","3864.076"
"USEP","27 Oct 2005","15","121.16","4072.671"
"USEP","27 Oct 2005","16","127.61","4360.420"
"USEP","27 Oct 2005","17","136.51","4595.645"
"USEP","27 Oct 2005","18","106.63","4714.537"
"USEP","27 Oct 2005","19","111.43","4863.299"
"USEP","27 Oct 2005","20","125.25","4942.292"
"USEP","27 Oct 2005","21","126.33","4948.545"
"USEP","27 Oct 2005","22","127.36","5001.366"
"USEP","27 Oct 2005","23","129.44","5027.811"
"USEP","27 Oct 2005","24","127.40","4997.221"
"USEP","27 Oct 2005","25","126.38","4965.269"
"USEP","27 Oct 2005","26","127.38","4982.405"
"USEP","27 Oct 2005","27","130.47","5074.256"
"USEP","27 Oct 2005","28","135.14","5103.047"
"USEP","27 Oct 2005","29","130.48","5095.920"
"USEP","27 Oct 2005","30","128.51","5068.053"
"USEP","27 Oct 2005","31","127.44","5043.074"
"USEP","27 Oct 2005","32","127.44","5040.405"
"USEP","27 Oct 2005","33","126.44","4972.624"
"USEP","27 Oct 2005","34","126.39","4953.967"
"USEP","27 Oct 2005","35","108.10","4882.071"
"USEP","27 Oct 2005","36","106.77","4766.976"
"USEP","27 Oct 2005","37","105.10","4715.516"
"USEP","27 Oct 2005","38","106.96","4784.052"
"USEP","27 Oct 2005","39","107.91","4751.434"
"USEP","27 Oct 2005","40","107.04","4713.160"
"USEP","27 Oct 2005","41","133.78","4667.466"
"USEP","27 Oct 2005","42","135.10","4615.381"
"USEP","27 Oct 2005","43","135.17","4541.999"
"USEP","27 Oct 2005","44","121.35","4387.953"
"USEP","27 Oct 2005","45","121.23","4296.222"
"USEP","27 Oct 2005","46","124.12","4179.303"
"USEP","27 Oct 2005","47","106.01","4016.918"
"USEP","27 Oct 2005","48","102.65","3837.302"
"USEP","28 Oct 2005","1","105.44","3734.031"
"USEP","28 Oct 2005","2","107.98","3688.058"
"USEP","28 Oct 2005","3","105.91","3612.932"
"USEP","28 Oct 2005","4","105.40","3544.624"
"USEP","28 Oct 2005","5","104.87","3506.350"
"USEP","28 Oct 2005","6","104.36","3473.548"
"USEP","28 Oct 2005","7","102.88","3459.085"
"USEP","28 Oct 2005","8","102.86","3452.117"
"USEP","28 Oct 2005","9","102.64","3446.362"
"USEP","28 Oct 2005","10","103.21","3541.473"
"USEP","28 Oct 2005","11","112.32","3655.236"
"USEP","28 Oct 2005","12","127.24","3746.058"
"USEP","28 Oct 2005","13","127.22","3776.241"
"USEP","28 Oct 2005","14","129.31","3857.272"
"USEP","28 Oct 2005","15","110.10","4023.160"
"USEP","28 Oct 2005","16","107.99","4304.761"
"USEP","28 Oct 2005","17","128.43","4578.379"
"USEP","28 Oct 2005","18","107.04","4755.306"
"USEP","28 Oct 2005","19","110.22","4870.898"
"USEP","28 Oct 2005","20","127.36","4949.683"
"USEP","28 Oct 2005","21","129.49","5034.764"
"USEP","28 Oct 2005","22","132.56","5097.386"
"USEP","28 Oct 2005","23","132.56","5098.519"
"USEP","28 Oct 2005","24","131.48","5056.334"
"USEP","28 Oct 2005","25","128.45","5010.565"
"USEP","28 Oct 2005","26","129.51","5028.760"
"USEP","28 Oct 2005","27","129.52","5067.621"
"USEP","28 Oct 2005","28","133.51","5103.787"
"USEP","28 Oct 2005","29","132.56","5090.324"
"USEP","28 Oct 2005","30","133.50","5094.300"
"USEP","28 Oct 2005","31","133.51","5095.249"
"USEP","28 Oct 2005","32","135.15","5139.243"
"USEP","28 Oct 2005","33","132.56","5094.941"
"USEP","28 Oct 2005","34","128.45","5043.288"
"USEP","28 Oct 2005","35","128.40","4963.892"
"USEP","28 Oct 2005","36","113.28","4844.304"
"USEP","28 Oct 2005","37","107.04","4781.229"
"USEP","28 Oct 2005","38","120.30","4792.790"
"USEP","28 Oct 2005","39","110.11","4662.993"
"USEP","28 Oct 2005","40","133.78","4693.792"
"USEP","28 Oct 2005","41","135.16","4620.867"
"USEP","28 Oct 2005","42","132.61","4563.399"
"USEP","28 Oct 2005","43","129.48","4479.943"
"USEP","28 Oct 2005","44","113.60","4379.092"
"USEP","28 Oct 2005","45","110.19","4253.227"
"USEP","28 Oct 2005","46","121.16","4154.368"
"USEP","28 Oct 2005","47","114.64","4071.225"
"USEP","28 Oct 2005","48","108.01","3985.115"
"USEP","29 Oct 2005","1","126.26","3904.685"
"USEP","29 Oct 2005","2","106.01","3835.041"
"USEP","29 Oct 2005","3","131.34","3743.021"
"USEP","29 Oct 2005","4","121.50","3685.479"
"USEP","29 Oct 2005","5","104.87","3628.339"
"USEP","29 Oct 2005","6","102.90","3582.326"
"USEP","29 Oct 2005","7","103.94","3551.925"
"USEP","29 Oct 2005","8","103.97","3526.503"
"USEP","29 Oct 2005","9","103.99","3513.884"
"USEP","29 Oct 2005","10","103.96","3510.907"
"USEP","29 Oct 2005","11","104.44","3541.453"
"USEP","29 Oct 2005","12","106.32","3569.558"
"USEP","29 Oct 2005","13","106.56","3622.877"
"USEP","29 Oct 2005","14","121.35","3676.562"
"USEP","29 Oct 2005","15","126.96","3774.094"
"USEP","29 Oct 2005","16","141.42","3937.865"
"USEP","29 Oct 2005","17","108.78","4127.212"
"USEP","29 Oct 2005","18","139.41","4308.483"
"USEP","29 Oct 2005","19","141.68","4432.872"
"USEP","29 Oct 2005","20","142.69","4524.907"
"USEP","29 Oct 2005","21","143.74","4591.863"
"USEP","29 Oct 2005","22","141.58","4646.195"
"USEP","29 Oct 2005","23","141.59","4651.219"
"USEP","29 Oct 2005","24","134.55","4606.986"
"USEP","29 Oct 2005","25","132.53","4554.443"
"USEP","29 Oct 2005","26","141.68","4516.333"
"USEP","29 Oct 2005","27","141.69","4478.656"
"USEP","29 Oct 2005","28","141.63","4456.370"
"USEP","29 Oct 2005","29","144.60","4430.233"
"USEP","29 Oct 2005","30","164.16","4368.118"
"USEP","29 Oct 2005","31","144.26","4313.776"
"USEP","29 Oct 2005","32","145.62","4296.724"
"USEP","29 Oct 2005","33","143.02","4277.356"
"USEP","29 Oct 2005","34","133.91","4240.817"
"USEP","29 Oct 2005","35","133.80","4209.053"
"USEP","29 Oct 2005","36","133.36","4187.324"
"USEP","29 Oct 2005","37","134.04","4233.550"
"USEP","29 Oct 2005","38","139.53","4310.486"
"USEP","29 Oct 2005","39","156.73","4340.878"
"USEP","29 Oct 2005","40","145.36","4327.449"
"USEP","29 Oct 2005","41","140.23","4319.382"
"USEP","29 Oct 2005","42","139.82","4309.711"
"USEP","29 Oct 2005","43","139.63","4271.645"
"USEP","29 Oct 2005","44","134.07","4207.915"
"USEP","29 Oct 2005","45","136.38","4126.849"
"USEP","29 Oct 2005","46","133.19","4078.616"
"USEP","29 Oct 2005","47","127.64","4021.267"
"USEP","29 Oct 2005","48","107.40","3959.415"
"USEP","30 Oct 2005","1","150.73","3881.431"
"USEP","30 Oct 2005","2","144.55","3817.830"
"USEP","30 Oct 2005","3","141.46","3733.230"
"USEP","30 Oct 2005","4","121.45","3647.702"
"USEP","30 Oct 2005","5","103.01","3592.177"
"USEP","30 Oct 2005","6","103.37","3566.999"
"USEP","30 Oct 2005","7","103.00","3557.750"
"USEP","30 Oct 2005","8","103.02","3532.507"
"USEP","30 Oct 2005","9","103.02","3535.464"
"USEP","30 Oct 2005","10","102.44","3513.686"
"USEP","30 Oct 2005","11","102.44","3509.029"
"USEP","30 Oct 2005","12","102.97","3522.408"
"USEP","30 Oct 2005","13","103.02","3549.644"
"USEP","30 Oct 2005","14","103.02","3537.964"
"USEP","30 Oct 2005","15","102.99","3543.839"
"USEP","30 Oct 2005","16","103.97","3599.875"
"USEP","30 Oct 2005","17","121.39","3672.149"
"USEP","30 Oct 2005","18","151.53","3758.453"
"USEP","30 Oct 2005","19","151.53","3848.952"
"USEP","30 Oct 2005","20","151.02","3921.320"
"USEP","30 Oct 2005","21","179.62","3986.805"
"USEP","30 Oct 2005","22","171.74","4029.338"
"USEP","30 Oct 2005","23","141.38","4048.815"
"USEP","30 Oct 2005","24","131.57","4028.791"
"USEP","30 Oct 2005","25","121.37","4016.635"
"USEP","30 Oct 2005","26","131.65","4019.229"
"USEP","30 Oct 2005","27","141.33","4033.920"
"USEP","30 Oct 2005","28","141.38","4040.804"
"USEP","30 Oct 2005","29","140.47","4044.730"
"USEP","30 Oct 2005","30","138.56","4040.739"
"USEP","30 Oct 2005","31","145.82","4077.224"
"USEP","30 Oct 2005","32","144.62","4073.164"
"USEP","30 Oct 2005","33","144.61","4066.787"
"USEP","30 Oct 2005","34","143.98","4035.610"
"USEP","30 Oct 2005","35","142.84","4013.340"
"USEP","30 Oct 2005","36","141.38","3992.809"
"USEP","30 Oct 2005","37","141.39","4002.356"
"USEP","30 Oct 2005","38","138.36","4137.003"
"USEP","30 Oct 2005","39","141.40","4200.758"
"USEP","30 Oct 2005","40","141.41","4212.642"
"USEP","30 Oct 2005","41","141.39","4219.585"
"USEP","30 Oct 2005","42","141.39","4225.007"
"USEP","30 Oct 2005","43","141.41","4213.730"
"USEP","30 Oct 2005","44","138.57","4151.451"
"USEP","30 Oct 2005","45","138.88","4126.581"
"USEP","30 Oct 2005","46","136.36","4050.217"
"USEP","30 Oct 2005","47","121.36","3978.560"
"USEP","30 Oct 2005","48","104.95","3853.345"
"USEP","31 Oct 2005","1","106.57","3742.395"
"USEP","31 Oct 2005","2","141.52","3754.507"
"USEP","31 Oct 2005","3","132.85","3702.188"
"USEP","31 Oct 2005","4","129.39","3691.890"
"USEP","31 Oct 2005","5","121.41","3627.290"
"USEP","31 Oct 2005","6","117.90","3600.661"
"USEP","31 Oct 2005","7","110.99","3582.550"
"USEP","31 Oct 2005","8","106.47","3553.018"
"USEP","31 Oct 2005","9","106.62","3560.324"
"USEP","31 Oct 2005","10","107.17","3569.852"
"USEP","31 Oct 2005","11","116.10","3594.761"
"USEP","31 Oct 2005","12","131.65","3683.158"
"USEP","31 Oct 2005","13","141.48","3828.794"
"USEP","31 Oct 2005","14","141.73","3948.267"
"USEP","31 Oct 2005","15","132.42","4113.942"
"USEP","31 Oct 2005","16","131.85","4383.451"
"USEP","31 Oct 2005","17","133.64","4536.149"
"USEP","31 Oct 2005","18","107.05","4764.759"
"USEP","31 Oct 2005","19","107.09","4884.973"
"USEP","31 Oct 2005","20","107.09","4945.006"
"USEP","31 Oct 2005","21","129.44","4994.229"
"USEP","31 Oct 2005","22","129.40","5005.610"
"USEP","31 Oct 2005","23","107.07","4935.508"
"USEP","31 Oct 2005","24","108.17","4940.036"
"USEP","31 Oct 2005","25","107.07","4905.733"
"USEP","31 Oct 2005","26","107.03","4930.334"
"USEP","31 Oct 2005","27","125.41","5032.205"
"USEP","31 Oct 2005","28","107.03","5068.928"
"USEP","31 Oct 2005","29","107.04","5076.308"
"USEP","31 Oct 2005","30","126.47","5068.794"
"USEP","31 Oct 2005","31","127.44","5083.301"
"USEP","31 Oct 2005","32","127.57","5101.074"
"USEP","31 Oct 2005","33","126.47","5071.323"
"USEP","31 Oct 2005","34","127.45","5044.734"
"USEP","31 Oct 2005","35","112.76","4955.080"
"USEP","31 Oct 2005","36","106.86","4824.752"
"USEP","31 Oct 2005","37","104.05","4735.610"
"USEP","31 Oct 2005","38","106.83","4746.976"
"USEP","31 Oct 2005","39","105.09","4710.725"
"USEP","31 Oct 2005","40","103.85","4656.557"
"USEP","31 Oct 2005","41","108.11","4611.817"
"USEP","31 Oct 2005","42","129.46","4551.432"
"USEP","31 Oct 2005","43","129.56","4478.064"
"USEP","31 Oct 2005","44","108.35","4361.617"
"USEP","31 Oct 2005","45","107.15","4246.288"
"USEP","31 Oct 2005","46","112.32","4139.821"
"USEP","31 Oct 2005","47","107.04","4010.417"
"USEP","31 Oct 2005","48","105.05","3896.246"
